,artist,title,Wonder,Transcendence,Nostalgia,Tenderness,Peacefulness,Joy,Power,Tension,Sadness,Spotify ID,path
0,The Thrillseekers,Synaesthesia (Fly Away) - Radio Edit,15.75,16.12,16.12,8.25,5.88,41.62,40.69,20.69,2.75,5QdgpcfAw8EbsupH0B6BpI,tracks/5QdgpcfAw8EbsupH0B6BpI.mp3
1,Jorge Ben,Ponta de lança africano (Umbabarauma),23.0,15.96,7.57,2.3,13.22,46.3,32.09,14.35,1.22,0jayFuH5lbwOOVeJnwDgGf,tracks/0jayFuH5lbwOOVeJnwDgGf.mp3
2,Lamb,Heaven,12.6,17.5,22.75,14.8,15.65,13.35,26.0,15.05,11.3,0bjTW3zBohWdYy2z1Sf5hJ,tracks/0bjTW3zBohWdYy2z1Sf5hJ.mp3
3,Milton Nascimento,Cais,13.41,7.82,13.47,19.94,25.59,1.82,5.18,8.35,16.88,1PVLHOm7WUbZMChq8JAFW9,tracks/1PVLHOm7WUbZMChq8JAFW9.mp3
4,Kylie Minogue,Please Stay (7th District Radio Mix),13.92,12.5,10.29,6.92,8.08,36.67,31.12,16.04,1.58,5MqHbBqicUU0wyXwk7TJR7,tracks/5MqHbBqicUU0wyXwk7TJR7.mp3
5,Ace of Base,Lucky Love,29.5,20.86,38.0,15.14,20.29,58.29,36.29,12.93,5.0,2O5MugeVVDlVs4ThMCy1Lm,tracks/2O5MugeVVDlVs4ThMCy1Lm.mp3
6,Seal,Kiss From A Rose,25.19,23.33,40.43,35.62,30.9,26.86,29.9,8.95,12.14,3YKptz29AsOlm7WAVnztBh,tracks/3YKptz29AsOlm7WAVnztBh.mp3
7,Ashley Tisdale,Suddenly,27.5,25.27,27.27,35.14,42.05,10.64,17.36,5.05,27.82,6YD8kmD2SQw5uwQGFZ9W9n,tracks/6YD8kmD2SQw5uwQGFZ9W9n.mp3
8,Donny Hathaway,Someday We'll All Be Free,21.3,10.75,27.85,28.25,43.6,18.75,7.15,4.6,7.85,5J5rzvpYAQHlELldedLT9X,tracks/5J5rzvpYAQHlELldedLT9X.mp3
9,Warning,Echoes,15.54,18.38,15.54,4.08,7.38,14.58,37.69,20.08,10.73,3GU59OzCMZvscGqSG4Lg0y,tracks/3GU59OzCMZvscGqSG4Lg0y.mp3
10,Busted,Over Now,17.84,12.08,34.72,21.44,10.8,24.04,25.8,13.16,23.16,70uvMWoagPhT9NeymzQxav,tracks/70uvMWoagPhT9NeymzQxav.mp3
11,George Michael,Careless Whisper,40.48,34.86,69.33,56.81,37.86,39.19,31.1,8.86,32.52,4jDmJ51x1o9NZB5Nxxc7gY,tracks/4jDmJ51x1o9NZB5Nxxc7gY.mp3
12,Hot Chocolate,You Sexy Thing,23.28,15.07,37.28,28.07,26.66,48.72,28.52,6.66,5.41,714hERk9U1W8FMYkoC83CO,tracks/714hERk9U1W8FMYkoC83CO.mp3
13,The Saturdays,Forever Is Over,15.93,17.4,17.47,9.4,7.27,29.53,37.13,11.4,8.93,6mSqWsqiv9LLPPKxrwh3yU,tracks/6mSqWsqiv9LLPPKxrwh3yU.mp3
14,Carpenters,We've Only Just Begun,28.38,16.72,50.72,43.28,46.03,29.45,7.34,2.28,8.14,3m167vBQI5YLK0a1m6L6Y1,tracks/3m167vBQI5YLK0a1m6L6Y1.mp3
15,Jam & Spoon,Right in the Night (Fall in Love With Music),20.92,29.33,23.33,19.33,22.58,40.83,33.25,11.58,8.33,6x6G0shZs4Qg4YLfLbhR7z,tracks/6x6G0shZs4Qg4YLfLbhR7z.mp3
16,Novos Baianos,Curto De Véu E Grinalda,13.47,12.68,9.68,7.16,7.0,33.68,38.84,18.21,2.26,7rFNyShNdXvg4j6qK9lBSC,tracks/7rFNyShNdXvg4j6qK9lBSC.mp3
17,Björk,Possibly Maybe (Live),14.75,13.3,13.45,20.65,20.9,11.4,4.45,18.1,17.45,4SngFKTnu9FbOldhGvHUlG,tracks/4SngFKTnu9FbOldhGvHUlG.mp3
18,Cult of Luna,Finland,10.85,20.15,5.15,2.77,10.46,12.15,44.23,50.77,10.46,3N8cK1O5u0RawDBbP4a0hc,tracks/3N8cK1O5u0RawDBbP4a0hc.mp3
19,IU,The red shoes,27.62,19.38,18.75,15.19,11.31,49.75,41.69,18.94,0.94,3atsk5EWI5fNxLMIJnfYfJ,tracks/3atsk5EWI5fNxLMIJnfYfJ.mp3
20,Zero 7,In the Waiting Line,19.79,16.14,26.36,31.5,42.21,25.21,10.0,8.64,9.86,5ARrtxJLVCeTv5TWo1oKgC,tracks/5ARrtxJLVCeTv5TWo1oKgC.mp3
21,Jorge Ben Jor,"Mas, Que Nada!",22.36,25.86,36.93,31.57,42.29,31.93,13.29,13.57,12.21,6U03Orwr5Dxt8jahLnQpYV,tracks/6U03Orwr5Dxt8jahLnQpYV.mp3
22,Bobby Caldwell,Open Your Eyes,15.81,14.44,42.44,31.06,40.88,38.88,21.12,5.62,3.56,1Yrgyxebkguu4MGFkDoINo,tracks/1Yrgyxebkguu4MGFkDoINo.mp3
23,Fiona Apple,The First Taste,19.85,22.69,26.38,32.62,38.77,15.27,14.35,7.81,21.08,21Xc8hEIzv81jwiftI4hJB,tracks/21Xc8hEIzv81jwiftI4hJB.mp3
24,Tamar Braxton,Sound of Love,11.82,8.29,7.29,7.47,8.12,10.41,14.29,35.88,11.76,1QSNwan8EvZeJhuDag0aqX,tracks/1QSNwan8EvZeJhuDag0aqX.mp3
25,Céline Dion,Je crois toi,28.93,28.71,26.57,41.0,30.36,6.5,12.5,13.14,29.14,3CehtvHVAVPaaukPIIL67r,tracks/3CehtvHVAVPaaukPIIL67r.mp3
26,Submotion Orchestra,Variations,10.39,7.39,6.44,25.33,33.83,4.28,2.39,5.83,6.94,3qzxORCDY3UpbvT7p7WYIE,tracks/3qzxORCDY3UpbvT7p7WYIE.mp3
27,Rilo Kiley,It Just Is,34.06,16.88,38.69,22.81,27.5,14.69,13.62,5.25,32.62,26tR002TUAcmtfBLR7hVnS,tracks/26tR002TUAcmtfBLR7hVnS.mp3
28,The Weeknd,Wicked Games,32.95,25.26,30.0,46.89,35.26,23.26,37.0,12.58,11.68,6VwBbL8CzPiC4QV66ay7oR,tracks/6VwBbL8CzPiC4QV66ay7oR.mp3
29,John Farnham,Age of Reason,16.94,10.56,20.11,8.39,16.33,25.33,21.78,11.28,5.56,3LQde40NABYOH14hWse0Yi,tracks/3LQde40NABYOH14hWse0Yi.mp3
30,Duffy,Rockferry,13.7,11.1,18.5,16.1,24.5,4.9,8.2,1.7,17.2,78twQ5XCFJMTE37ZSU0gsj,tracks/78twQ5XCFJMTE37ZSU0gsj.mp3
31,Sarah Vaughan,Misty,10.83,7.52,22.57,13.13,24.96,42.57,13.17,14.35,2.0,7gHFBNy0Qn86xGKJ9OdFTw,tracks/7gHFBNy0Qn86xGKJ9OdFTw.mp3
32,Avril Lavigne,Wish You Were Here,22.0,19.26,40.79,33.26,20.37,31.37,26.74,18.11,16.89,5XHf9PBxxHmJFuiDkGNIOA,tracks/5XHf9PBxxHmJFuiDkGNIOA.mp3
33,October Tide,Blackness Devours,17.07,25.33,7.6,2.13,3.27,12.87,42.8,47.27,16.8,5KjDr2aEWTdOxdOs4gcuac,tracks/5KjDr2aEWTdOxdOs4gcuac.mp3
34,Ridgewalkers,Find (Andy Moor Remix),29.93,33.86,28.14,20.71,18.86,40.64,46.5,23.5,12.57,5DpHrixQf7FfpAQJLAX2Fw,tracks/5DpHrixQf7FfpAQJLAX2Fw.mp3
35,Alcazar,This Is The World We Live In,18.29,20.47,30.18,13.94,11.94,49.0,45.12,6.88,2.12,6HuwtnWUE0Y7MKUvoOyb2F,tracks/6HuwtnWUE0Y7MKUvoOyb2F.mp3
36,Dinah Washington,Cry Me a River,29.0,28.55,38.45,40.36,37.0,24.0,29.64,12.91,34.18,4ydtQJImyQg6UDFFZBzgxp,tracks/4ydtQJImyQg6UDFFZBzgxp.mp3
37,Boney M.,Rasputin,15.0,22.25,31.25,2.05,9.35,64.95,51.6,12.9,0.7,5jkFvD4UJrmdoezzT1FRoP,tracks/5jkFvD4UJrmdoezzT1FRoP.mp3
38,Donna Summer,Winter Melody,29.32,23.11,35.63,36.47,45.47,45.84,22.84,7.11,15.74,1zHOjqf8DqjNq6OB7Y5mrF,tracks/1zHOjqf8DqjNq6OB7Y5mrF.mp3
39,Tonight Alive,Let It Land,12.56,22.78,35.39,6.61,9.5,40.0,37.83,19.17,13.78,3aKPJyIFrJAPTPWs2yy0IX,tracks/3aKPJyIFrJAPTPWs2yy0IX.mp3
40,My Dying Bride,Your River,9.57,13.71,13.71,1.24,8.05,6.48,29.57,42.0,14.67,6FMcHZ5FuBpPkD4IHVyrM9,tracks/6FMcHZ5FuBpPkD4IHVyrM9.mp3
41,Sara Bareilles,Undertow,28.68,22.91,28.36,43.36,37.41,30.95,20.27,7.41,10.77,0tozhA4AZE7kDEvlcxCzP1,tracks/0tozhA4AZE7kDEvlcxCzP1.mp3
42,Leona Lewis,Bleeding Love,18.39,13.67,44.61,35.89,22.94,30.67,37.22,3.78,20.44,7wZUrN8oemZfsEd1CGkbXE,tracks/7wZUrN8oemZfsEd1CGkbXE.mp3
43,Anathema,Crestfallen,4.44,6.69,2.69,1.69,5.56,5.0,25.06,51.62,13.94,3Ca1PahHy0AowFpNwHzJM2,tracks/3Ca1PahHy0AowFpNwHzJM2.mp3
44,Submotion Orchestra,Eyeline,25.67,18.73,12.67,10.87,14.73,10.93,23.67,14.2,11.6,2sqeVVvHRuskC1E4nA1Xls,tracks/2sqeVVvHRuskC1E4nA1Xls.mp3
45,September,R.I.P.,12.0,6.65,12.0,8.88,3.88,31.47,30.35,10.12,5.65,4BPyxkPrDW7tsb86HUnb04,tracks/4BPyxkPrDW7tsb86HUnb04.mp3
46,Djavan,Serrado,15.17,5.92,11.92,14.83,29.67,43.58,11.83,8.33,3.67,7EjRiBMib2EG0cdMEXavbC,tracks/7EjRiBMib2EG0cdMEXavbC.mp3
47,Christina Aguilera,Something's Got a Hold on Me,19.92,10.08,29.92,12.0,18.25,42.92,47.75,5.33,1.25,2CVMTJWBqbtaCWNWbcBZae,tracks/2CVMTJWBqbtaCWNWbcBZae.mp3
48,Ana Carolina,"Tá rindo, é?",15.8,9.85,18.2,27.45,30.3,25.65,16.1,10.05,1.65,65GmViOSKcP7jK0wNqRs8r,tracks/65GmViOSKcP7jK0wNqRs8r.mp3
49,The Whispers,And the Beat Goes On,23.65,15.5,30.55,18.55,24.85,51.3,23.7,11.1,5.75,7oQ1wkBmYSBEC2x7U08dvn,tracks/7oQ1wkBmYSBEC2x7U08dvn.mp3
50,Cobra Starship,"One Day, Robots Will Cry",12.38,21.52,28.52,14.86,13.24,43.05,46.38,19.05,5.0,76ohTRgQXmyTJrt8rgMbH2,tracks/76ohTRgQXmyTJrt8rgMbH2.mp3
51,Yellowcard,Everywhere,23.27,34.18,32.09,6.0,7.09,44.55,39.09,15.36,12.18,4A3H0I1iSmYiHh5IScsBX5,tracks/4A3H0I1iSmYiHh5IScsBX5.mp3
52,Portishead,Glory Box,29.18,16.09,33.55,36.73,25.09,17.73,13.36,2.27,13.09,3Ty7OTBNSigGEpeW2PqcsC,tracks/3Ty7OTBNSigGEpeW2PqcsC.mp3
53,Rihanna,Diamonds,43.0,21.82,35.55,23.55,24.73,58.91,47.36,4.18,5.82,1z9kQ14XBSN0r2v6fx4IdG,tracks/1z9kQ14XBSN0r2v6fx4IdG.mp3
54,Al Green,Let's Stay Together,24.93,25.57,33.43,51.64,42.36,44.93,16.5,7.14,7.36,63xdwScd1Ai1GigAwQxE8y,tracks/63xdwScd1Ai1GigAwQxE8y.mp3
55,New Found Glory,This Disaster,13.71,16.14,20.64,5.14,7.57,35.71,40.36,26.0,10.29,2VHAQ84pzRe11YdMUDZzMZ,tracks/2VHAQ84pzRe11YdMUDZzMZ.mp3
56,All Time Low,Time-Bomb,20.62,11.69,25.38,14.5,9.25,46.62,51.0,28.06,10.38,2qqn52sp9dDk2F9PdTrpwZ,tracks/2qqn52sp9dDk2F9PdTrpwZ.mp3
57,The Ink Spots,I Don't Want to Set the World on Fire,21.25,16.19,52.0,32.88,51.19,19.38,6.38,1.25,17.69,777zXDJpBufzttU4AJ2dGO,tracks/777zXDJpBufzttU4AJ2dGO.mp3
58,The Weeknd,The Town,24.28,17.67,14.89,19.11,14.83,15.22,18.0,26.28,9.06,7jGr8wzgwOVLuktY66qM5f,tracks/7jGr8wzgwOVLuktY66qM5f.mp3
59,"Earth, Wind & Fire",Boogie Wonderland,19.46,16.46,43.88,13.73,18.85,56.46,33.27,5.88,4.54,6ztstiyZL6FXzh4aG46ZPD,tracks/6ztstiyZL6FXzh4aG46ZPD.mp3
60,Sister Sledge,Frankie,22.0,12.56,46.12,39.69,37.88,49.06,21.12,7.19,11.69,6th7K3C0mmxk5AlT4x4oro,tracks/6th7K3C0mmxk5AlT4x4oro.mp3
61,The Andrews Sisters,In the Mood,24.67,18.53,30.4,6.93,13.8,56.13,36.27,7.93,0.8,6jO6eAQG1JW7fel2csJ5XQ,tracks/6jO6eAQG1JW7fel2csJ5XQ.mp3
62,Deee-Lite,Apple Juice Kissing,9.3,6.78,11.74,25.22,14.19,13.33,10.41,9.96,1.44,7fh5bhI5rzRBcSX9IKFNir,tracks/7fh5bhI5rzRBcSX9IKFNir.mp3
63,Shpongle,I Am You,9.93,15.43,2.79,2.79,1.86,20.29,17.57,32.64,1.86,3k3RK6cRZa165izv0rTv4Z,tracks/3k3RK6cRZa165izv0rTv4Z.mp3
64,Nicki Minaj,Starships,17.28,24.5,15.56,12.89,8.33,55.33,42.39,28.83,2.61,1oHNvJVbFkexQc0BpQp7Y4,tracks/1oHNvJVbFkexQc0BpQp7Y4.mp3
65,Squirrel Nut Zippers,Low Down Man,17.5,15.08,31.33,34.5,34.08,5.92,3.75,9.33,24.67,0Ta1U180vOfj8LlhUM1Qvh,tracks/0Ta1U180vOfj8LlhUM1Qvh.mp3
66,George Benson,Turn Your Love Around,24.54,27.54,42.31,36.77,38.0,51.85,26.92,4.38,5.31,6a899bXlCuViXW2Qs8Rdqo,tracks/6a899bXlCuViXW2Qs8Rdqo.mp3
67,Itamar Assumpção,Beijo na Boca,17.42,5.25,11.92,8.5,24.83,39.33,16.08,3.33,1.75,034M638G8hvIQ5WfSxJ9gS,tracks/034M638G8hvIQ5WfSxJ9gS.mp3
69,The Pointer Sisters,He's So Shy,16.14,14.71,32.0,34.43,21.21,28.64,24.21,6.21,8.57,6R9NqD0WX9sJYs6PbA5onu,tracks/6R9NqD0WX9sJYs6PbA5onu.mp3
70,James Brown,Funky Drummer,14.48,15.0,26.04,8.35,15.39,45.39,37.57,19.96,3.0,0VbpqlboEkGQ7Pu6juJljZ,tracks/0VbpqlboEkGQ7Pu6juJljZ.mp3
71,Atomic Kitten,It's OK!,13.36,19.73,26.55,22.18,34.82,28.91,16.27,5.64,15.91,7fQrbv4s2XyMwVCIKenI26,tracks/7fQrbv4s2XyMwVCIKenI26.mp3
72,Vinícius de Moraes,Samba em Prelúdio,29.77,18.15,35.23,37.15,32.31,14.85,4.92,2.15,19.85,7yYKjc8k6UrqeBig0bDeFy,tracks/7yYKjc8k6UrqeBig0bDeFy.mp3
73,Chet Baker,The Thrill Is Gone,33.83,27.0,37.08,41.42,55.08,3.67,3.0,6.67,47.08,0kKQreifydSOeqZzHkNW67,tracks/0kKQreifydSOeqZzHkNW67.mp3
74,Gino Vannelli,Wheels Of Life,28.74,13.58,38.16,48.89,31.26,17.84,18.63,1.37,19.0,7uE9ZeScOg28zFE7OHQxuR,tracks/7uE9ZeScOg28zFE7OHQxuR.mp3
75,The Chakachas,Jungle Fever,14.95,12.7,6.15,12.55,11.0,22.8,11.7,27.85,2.95,2QEhVc7hg5Z5yI8UPOSRk8,tracks/2QEhVc7hg5Z5yI8UPOSRk8.mp3
76,Jennifer Hudson,Moan,25.0,22.55,32.45,52.09,54.0,21.09,33.0,5.55,26.36,5jpo5CggeyVEQSHoXVhBqh,tracks/5jpo5CggeyVEQSHoXVhBqh.mp3
77,Bosson,One In A Million,23.65,13.65,25.53,34.82,20.47,37.0,21.76,6.29,14.12,3y1cXTre9LcmTxgqbKSqZY,tracks/3y1cXTre9LcmTxgqbKSqZY.mp3
78,Melody Gardot,Worrisome Heart,29.67,22.17,32.17,37.25,37.33,28.5,24.75,15.08,14.08,3zh5km8gPDYMiWvmLTsos0,tracks/3zh5km8gPDYMiWvmLTsos0.mp3
79,Michael Jackson,Love Never Felt So Good,20.08,18.38,21.77,30.54,5.92,55.23,37.46,6.54,3.69,48td6xvpokdYwvbl3JIiXP,tracks/48td6xvpokdYwvbl3JIiXP.mp3
80,Emika,Drop the Other,27.39,32.0,19.33,12.61,22.17,23.0,34.5,26.17,11.67,1sHoqPtMfaZML6P77Q586a,tracks/1sHoqPtMfaZML6P77Q586a.mp3
81,MFSB,T.S.O.P. (The Sound Of Philadelphia),20.36,18.07,29.14,11.43,10.29,46.64,36.93,10.07,3.0,7kllQQPam6HumbUCIPSvHJ,tracks/7kllQQPam6HumbUCIPSvHJ.mp3
82,Avril Lavigne,I'm with You,17.94,8.17,48.61,39.22,22.39,14.17,18.56,4.61,15.89,1jlG3KJ3gdYmhfuySFfpO1,tracks/1jlG3KJ3gdYmhfuySFfpO1.mp3
83,Sébastien Tellier,La Ritournelle,30.67,21.92,33.17,34.67,57.17,5.75,4.33,6.83,55.33,0qG1teoBvooRo7Z5Z8edCk,tracks/0qG1teoBvooRo7Z5Z8edCk.mp3
84,Strike,O Teu Olhar,15.45,10.36,8.73,3.91,5.82,40.82,36.18,22.55,0.45,4wGDJMUhcFy1j7XWo5ve4K,tracks/4wGDJMUhcFy1j7XWo5ve4K.mp3
85,Chicane,Autumn Tactics,16.82,14.06,21.53,16.0,23.53,16.71,9.53,8.65,18.47,7LmG4gBYF7T53JVfgVVFKy,tracks/7LmG4gBYF7T53JVfgVVFKy.mp3
86,Katatonia,Teargas,12.53,20.67,14.8,7.27,4.33,14.33,20.87,25.13,27.13,31kIDIQFtTgVhV6KDwt1PV,tracks/31kIDIQFtTgVhV6KDwt1PV.mp3
87,Kool & The Gang,Celebration,22.72,12.72,48.92,8.08,18.0,69.0,41.48,2.4,0.08,3K7Q9PHUWPTaknlbFPThn2,tracks/3K7Q9PHUWPTaknlbFPThn2.mp3
88,Cerrone,Give Me Love,24.82,19.59,35.47,16.76,25.12,39.88,27.94,14.12,10.88,30EaKbkhCzCAxVccAaYzGA,tracks/30EaKbkhCzCAxVccAaYzGA.mp3
89,We the Kings,All Again for You,15.16,13.26,27.95,11.26,10.11,61.32,43.53,12.84,9.53,1zMc2ZD35IDeYlNANbnF0w,tracks/1zMc2ZD35IDeYlNANbnF0w.mp3
90,Jamiroquai,Automaton,18.94,21.31,8.69,5.44,8.38,39.66,31.03,28.66,1.38,42dJ29C11xlJTLkRVmKty1,tracks/42dJ29C11xlJTLkRVmKty1.mp3
92,Paradise Lost,True Belief,7.93,17.87,5.93,1.2,1.53,7.93,26.13,26.27,14.87,3mfwwUEFwXERswYBqhKcTC,tracks/3mfwwUEFwXERswYBqhKcTC.mp3
93,Paramore,That's What You Get,14.0,12.78,34.0,8.91,6.74,37.35,31.61,8.57,3.96,1JdKrFyoU05abww0Zv0ayQ,tracks/1JdKrFyoU05abww0Zv0ayQ.mp3
94,Diana Ross,The Best Years Of My Life,12.23,7.23,23.69,39.23,33.0,5.38,2.38,4.54,25.54,7xTAPIggS2K1UcTF0HXkak,tracks/7xTAPIggS2K1UcTF0HXkak.mp3
95,Flunk,Six Seven Times,22.89,20.56,28.11,21.67,36.0,14.28,14.94,5.89,26.17,2jknEB3TLUX5vEaLI4gttE,tracks/2jknEB3TLUX5vEaLI4gttE.mp3
96,Candlemass,Solitude,14.22,25.0,6.11,2.28,7.39,14.22,47.17,43.06,17.44,0v3WyEt2g04WFpfVwcnfXm,tracks/0v3WyEt2g04WFpfVwcnfXm.mp3
97,The Format,I'm Actual,22.18,19.41,31.88,24.76,13.88,19.88,26.71,11.35,20.18,2eHZ6UoAycNv99qKz4PVPg,tracks/2eHZ6UoAycNv99qKz4PVPg.mp3
98,Teena Marie,Revolution,5.58,17.0,18.75,6.08,12.83,29.5,17.92,6.67,7.75,7re1yRjy442DIAIVUgCaBN,tracks/7re1yRjy442DIAIVUgCaBN.mp3
99,Ashlee Simpson,Beautifully Broken,18.92,11.69,19.08,20.15,11.23,23.54,18.31,4.23,21.46,0Z5TwodaWvDGq43AVdnKzn,tracks/0Z5TwodaWvDGq43AVdnKzn.mp3
100,Al Jarreau,Ain't No Sunshine,21.31,13.31,47.31,31.77,27.15,32.92,23.69,11.69,18.31,0Res4ooR61zc5T7m2Fswog,tracks/0Res4ooR61zc5T7m2Fswog.mp3
101,Lana Del Rey,Born to Die,21.05,9.05,38.79,26.21,28.58,4.21,9.0,7.63,35.74,487OPlneJNni3NWC8SYqhW,tracks/487OPlneJNni3NWC8SYqhW.mp3
102,Ambrosia,You're the Only Woman,14.35,8.96,35.31,31.15,21.12,27.35,17.5,2.73,10.62,11qmuUlW5q5diLiVSOlsSF,tracks/11qmuUlW5q5diLiVSOlsSF.mp3
103,Justin Timberlake,Cry Me a River,16.26,8.79,46.42,15.42,21.0,31.47,19.53,14.89,19.11,7Lf7oSEVdzZqTA0kEDSlS5,tracks/7Lf7oSEVdzZqTA0kEDSlS5.mp3
104,Michael Bublé,Feeling Good,13.92,10.0,33.0,21.92,24.92,15.58,13.33,12.75,5.33,3I09LQbHS3NSU46Ly3tPpR,tracks/3I09LQbHS3NSU46Ly3tPpR.mp3
105,Diana Ross,Upside Down,23.71,18.53,33.65,31.59,24.29,55.41,32.41,2.65,1.65,3pbtBomO4Zt5gGiqsYeiBH,tracks/3pbtBomO4Zt5gGiqsYeiBH.mp3
106,Marianas Trench,Good To You,10.16,4.32,14.37,19.95,7.32,24.79,42.26,10.95,13.58,3eDBBDWXkmH6chzPZhuajx,tracks/3eDBBDWXkmH6chzPZhuajx.mp3
107,Prince & The Revolution,Purple Rain,28.21,31.5,46.86,15.71,15.71,9.79,28.36,7.64,14.93,54X78diSLoUDI3joC2bjMz,tracks/54X78diSLoUDI3joC2bjMz.mp3
108,Lily Allen,Air Balloon,18.37,16.95,14.0,23.84,18.05,46.63,21.37,6.0,0.26,1DIS8YXZKxePLmY7Z8UC4I,tracks/1DIS8YXZKxePLmY7Z8UC4I.mp3
109,Louis Armstrong,What a Wonderful World,41.0,25.29,53.43,54.14,52.64,42.57,17.64,3.14,11.79,29U7stRjqHU6rMiS8BfaI9,tracks/29U7stRjqHU6rMiS8BfaI9.mp3
110,Madonna,Gang Bang,17.94,22.69,10.25,5.56,9.06,29.94,40.06,25.31,6.06,5IYWdpFJAeKLggc7B8xtJm,tracks/5IYWdpFJAeKLggc7B8xtJm.mp3
111,Electric Wizard,The Chosen Few,14.53,19.47,14.67,9.6,9.8,13.67,28.33,27.0,15.0,5qN4DbKNNuIIe7xSlJPco0,tracks/5qN4DbKNNuIIe7xSlJPco0.mp3
112,Donna Summer,Autumn Changes,6.6,5.73,13.2,20.73,11.93,31.93,19.0,8.13,11.6,4LldsyhaiUL5tcP5uxDBkx,tracks/4LldsyhaiUL5tcP5uxDBkx.mp3
113,blink-182,The Girl Next Door,10.9,9.0,6.8,6.5,3.9,15.3,20.2,28.0,7.7,2YmvU7tSabJfECLUutSXJ1,tracks/2YmvU7tSabJfECLUutSXJ1.mp3
114,Village People,Go West,13.24,6.1,48.19,11.33,8.81,53.48,37.95,10.76,5.0,5v67uga7IFT3FQhDDBgaY8,tracks/5v67uga7IFT3FQhDDBgaY8.mp3
115,Melanie C,"Yeh, Yeh, Yeh",11.19,5.0,16.38,6.19,10.69,46.62,38.0,16.19,1.94,5gEkWBFaVUjzY7Y3sw35UU,tracks/5gEkWBFaVUjzY7Y3sw35UU.mp3
116,Norah Jones,Humble Me,32.54,29.38,42.08,53.69,56.0,5.85,13.0,4.69,57.46,7BboupyTdAr1nmMJZw0V4h,tracks/7BboupyTdAr1nmMJZw0V4h.mp3
117,Paradise Lost,Gone,16.58,11.5,28.0,10.0,24.42,11.83,23.33,11.58,32.58,7C05KE8DAyWoM4yoEOaq6m,tracks/7C05KE8DAyWoM4yoEOaq6m.mp3
118,Morcheeba,Rome Wasn't Built in a Day,25.64,16.64,33.55,50.55,35.45,30.27,20.09,13.27,9.45,6lsumzVFKP9SnfKcuGwqVp,tracks/6lsumzVFKP9SnfKcuGwqVp.mp3
119,Hozier,Take Me to Church,34.45,32.64,40.55,28.82,31.82,25.45,43.55,16.64,29.73,1CS7Sd1u5tWkstBhpssyjP,tracks/1CS7Sd1u5tWkstBhpssyjP.mp3
120,Chico Buarque,Sonho De Um Carnaval,14.46,10.15,19.23,18.46,37.69,18.69,4.62,5.69,7.77,6VlapIlYfqtoiWsE0DZUsE,tracks/6VlapIlYfqtoiWsE0DZUsE.mp3
121,Kendrick Lamar,King Kunta,6.4,10.0,14.4,0.47,3.8,31.87,39.47,23.6,3.2,0N3W5peJUQtI4eyR6GJT5O,tracks/0N3W5peJUQtI4eyR6GJT5O.mp3
122,Owl City,Fireflies,25.94,29.38,45.56,25.88,27.81,38.0,21.81,11.38,8.12,3DamFFqW32WihKkTVlwTYQ,tracks/3DamFFqW32WihKkTVlwTYQ.mp3
123,Neurosis,Fear and Sickness,13.19,15.5,6.81,1.94,1.44,7.0,49.06,71.81,5.81,2sXYiWVdddj45DruzNKJGC,tracks/2sXYiWVdddj45DruzNKJGC.mp3
124,The Temptations,My Girl,17.17,8.56,51.22,39.22,30.33,41.72,20.17,6.56,8.39,745H5CctFr12Mo7cqa1BMH,tracks/745H5CctFr12Mo7cqa1BMH.mp3
125,Descendents,Silly Girl,6.39,8.87,10.26,8.74,2.0,22.39,31.43,21.39,3.0,1o0cObpbURSTFEoXSgmL6a,tracks/1o0cObpbURSTFEoXSgmL6a.mp3
126,Michael Learns to Rock,Paint My Love,20.55,9.65,37.1,41.35,37.0,18.6,5.35,4.0,17.3,523iOSL6R2OomhVMGcfxdy,tracks/523iOSL6R2OomhVMGcfxdy.mp3
127,A*Teens,Rockin',12.15,5.0,16.85,11.4,15.5,35.4,14.75,7.35,0.2,66Ic3dIvBMBV7Oc4PUjw5w,tracks/66Ic3dIvBMBV7Oc4PUjw5w.mp3
128,Mark Ronson,Uptown Funk,11.0,17.0,26.47,18.0,7.47,61.47,51.27,8.53,0.27,32OlwWuMpZ6b0aN2RZOeMS,tracks/32OlwWuMpZ6b0aN2RZOeMS.mp3
129,Apparat,Black Water,18.88,22.76,19.47,16.0,18.88,9.0,17.12,13.24,26.24,3mFu6HJLVeyyUyTS1EkHFP,tracks/3mFu6HJLVeyyUyTS1EkHFP.mp3
130,Sarah Vaughan,He's My Guy,17.75,15.42,26.33,28.08,47.33,33.0,27.67,7.08,1.58,5Po3D0fxlUpQTciXYWOmnJ,tracks/5Po3D0fxlUpQTciXYWOmnJ.mp3
131,Pinball,Come Into My Dream,21.31,10.46,9.77,13.23,9.31,31.15,24.15,19.54,2.92,2JPFEnjLROchH7qqoRy9Vl,tracks/2JPFEnjLROchH7qqoRy9Vl.mp3
132,Heidi Montag,Love It or Leave It,11.9,13.1,10.5,3.7,13.2,24.8,17.9,21.0,0.8,25pVbxHtM3TdDA6hHwvLfW,tracks/25pVbxHtM3TdDA6hHwvLfW.mp3
133,The Bug,Poison Dart,9.47,8.47,9.2,9.07,9.73,17.33,14.2,44.47,3.4,7k9XruEHhkEH1I2epEHERo,tracks/7k9XruEHhkEH1I2epEHERo.mp3
134,Hey Monday,Set Off,2.79,17.14,14.5,13.93,6.07,42.57,36.79,15.79,2.5,0D5q7zxMaeQ9ekjuTQiryo,tracks/0D5q7zxMaeQ9ekjuTQiryo.mp3
135,Above & Beyond,Alchemy,18.35,31.71,7.18,14.47,17.82,21.41,25.47,14.76,9.24,0Xm3H8qUhiUALrZYJyf61f,tracks/0Xm3H8qUhiUALrZYJyf61f.mp3
136,WJSN,HURRY UP,8.5,10.25,9.88,3.25,6.5,57.88,28.62,10.81,1.12,1lAuz7VJzbhhYHTQ11JE12,tracks/1lAuz7VJzbhhYHTQ11JE12.mp3
137,Anathema,Judgement,13.64,11.43,16.71,3.57,6.0,22.93,55.5,43.21,9.79,0jQxDAN0CBuIdAqbR4OnzV,tracks/0jQxDAN0CBuIdAqbR4OnzV.mp3
138,Belleruche,Anything You Want (Not That),13.83,12.25,15.92,14.25,18.17,24.08,10.0,8.33,2.83,41fe96o3cxCfvINxcxEe4R,tracks/41fe96o3cxCfvINxcxEe4R.mp3
139,Lasgo,Alone,1.43,8.64,7.71,5.5,1.71,30.71,26.57,18.71,4.71,6hVdYM1RKjPIYv17KJ6Cll,tracks/6hVdYM1RKjPIYv17KJ6Cll.mp3
140,Evelyn Thomas,High Energy,12.33,8.17,20.5,6.25,6.67,38.33,46.0,23.42,3.83,2O3JCRH7IvUUbzbxEvoVAi,tracks/2O3JCRH7IvUUbzbxEvoVAi.mp3
141,Faithless,Insomnia,6.88,7.31,2.12,2.69,8.25,5.19,4.5,36.19,4.88,7gWc0QEt2hoIkMv3XxPY1T,tracks/7gWc0QEt2hoIkMv3XxPY1T.mp3
142,Good Charlotte,I Don't Wanna Be In Love (Dance Floor Anthem),14.0,10.06,25.06,6.88,11.41,32.53,40.06,13.82,5.41,36UVZPoK8a1Oxh13cY8kOp,tracks/36UVZPoK8a1Oxh13cY8kOp.mp3
143,Bonobo,Nightlite,37.07,29.6,17.87,13.6,26.13,25.47,28.4,12.8,10.8,1gI1nC5E3ObyMtejdc8crP,tracks/1gI1nC5E3ObyMtejdc8crP.mp3
144,Flux Pavilion,I Can't Stop,25.53,32.0,10.84,11.21,14.26,38.68,42.47,31.21,5.21,5WSL7UTa38jMWoBzObD4BD,tracks/5WSL7UTa38jMWoBzObD4BD.mp3
145,Everything But the Girl,Low Tide Of The Night,29.83,23.08,34.5,26.25,43.42,26.0,11.83,4.25,1.0,06bJuoqZDzxSINQFREVLu0,tracks/06bJuoqZDzxSINQFREVLu0.mp3
146,Babybird,You're Gorgeous,13.56,2.38,15.0,4.38,22.69,24.06,2.94,0.88,6.75,5COBer69wpwkCPPaLr1gFb,tracks/5COBer69wpwkCPPaLr1gFb.mp3
147,Wayne Newton,Danke Schoen,14.71,15.64,38.57,21.5,11.5,23.0,16.71,13.29,7.5,1BfbdFWT4wirsQ5BNgmN52,tracks/1BfbdFWT4wirsQ5BNgmN52.mp3
148,Phil Collins,Against All Odds (Take a Look at Me Now),34.0,21.54,52.77,41.54,31.69,16.62,21.69,0.62,20.31,63CHa6rmamv9OsehkRD8oz,tracks/63CHa6rmamv9OsehkRD8oz.mp3
149,Nina Simone,That's All I Ask,24.33,17.6,38.07,43.67,29.67,15.27,18.87,6.4,34.87,5uI8omnLtzW4xTqJ5AoQtT,tracks/5uI8omnLtzW4xTqJ5AoQtT.mp3
150,Lacrimas Profundere,The Crown of Leaving,19.29,17.86,17.71,8.57,18.29,12.0,21.07,24.21,17.0,7qNpAPSfPiLQ47cez2IpeW,tracks/7qNpAPSfPiLQ47cez2IpeW.mp3
151,Nero,My Eyes,18.93,23.33,10.87,4.13,10.13,20.47,43.27,37.07,5.27,4gMIZhJUOCjmQxo1fwhhnK,tracks/4gMIZhJUOCjmQxo1fwhhnK.mp3
152,ATB,9pm (Till I Come),27.82,24.91,55.45,22.27,10.18,32.27,33.27,11.45,4.18,1CgbwsrNDlFrRuk2ebQ7zr,tracks/1CgbwsrNDlFrRuk2ebQ7zr.mp3
153,Elis Regina,Como Nossos Pais,20.31,16.56,16.44,23.38,14.62,21.44,19.69,9.19,17.88,2ZC8sdv4Kvuql7Q9T8Agzv,tracks/2ZC8sdv4Kvuql7Q9T8Agzv.mp3
154,Burial,Untrue,10.28,15.83,15.5,7.94,14.06,23.33,21.61,21.11,6.44,1aaIYTqoRDzRUilU2Q6vTe,tracks/1aaIYTqoRDzRUilU2Q6vTe.mp3
155,Ella Fitzgerald,The Nearness Of You,30.08,16.58,62.75,36.42,65.33,22.25,11.58,3.83,13.83,39CdOo5GPGSIdxWDvyyWkr,tracks/39CdOo5GPGSIdxWDvyyWkr.mp3
156,Jessie Ware,Swan Song,15.0,11.08,11.46,19.92,34.38,9.0,6.31,11.15,18.69,708jomIP1WJkoinbSJxOGm,tracks/708jomIP1WJkoinbSJxOGm.mp3
157,The Cinematic Orchestra,Ma Fleur,17.31,14.94,26.25,27.62,42.5,10.5,11.69,8.25,19.88,3AqPL1n1wKc5DVFFnYuJhp,tracks/3AqPL1n1wKc5DVFFnYuJhp.mp3
158,Good Charlotte,March On,18.92,7.85,15.77,12.62,27.23,11.69,2.69,2.62,24.92,5aj1QFI3B492gzMXgioTqe,tracks/5aj1QFI3B492gzMXgioTqe.mp3
159,Perlla,No Meu Comando,10.6,12.0,3.4,7.87,5.0,22.87,17.87,9.2,2.07,4A1xnjGKCJWxa6VnUHKdvl,tracks/4A1xnjGKCJWxa6VnUHKdvl.mp3
160,of Montreal,Oslo In The Summertime,14.68,13.53,14.37,12.79,18.05,26.42,13.26,21.32,11.53,3aWcuInJ6nPVUey0wDQQUL,tracks/3aWcuInJ6nPVUey0wDQQUL.mp3
161,BANKS,Beggin for Thread,14.2,20.28,12.96,12.88,12.72,15.88,20.68,10.6,7.64,4PvD06Pmbm2rHG2JjSlElF,tracks/4PvD06Pmbm2rHG2JjSlElF.mp3
162,The Whispers,Rock Steady,14.53,13.0,32.35,14.59,13.41,40.82,22.24,7.12,2.76,1YCsTFttuHAzgfEWKdOb9K,tracks/1YCsTFttuHAzgfEWKdOb9K.mp3
163,Beyoncé,Halo,33.47,31.73,54.93,39.13,25.8,34.87,58.87,18.4,16.6,4JehYebiI9JE8sR8MisGVb,tracks/4JehYebiI9JE8sR8MisGVb.mp3
164,Passion Pit,Sleepyhead,9.22,12.72,14.78,4.67,10.39,34.33,18.11,19.89,1.94,4prEPl61C8qZpeo3IkYSMl,tracks/4prEPl61C8qZpeo3IkYSMl.mp3
165,Edwin McCain,I Could Not Ask for More,24.43,10.13,26.37,26.3,22.83,15.3,23.9,7.8,10.7,14J3PO0VnhtcRa31r7Aj1L,tracks/14J3PO0VnhtcRa31r7Aj1L.mp3
166,Ace of Base,All That She Wants,19.53,22.29,46.82,20.06,23.82,59.18,28.35,5.41,12.12,6kWJvPfC4DgUpRsXKNa9z9,tracks/6kWJvPfC4DgUpRsXKNa9z9.mp3
167,Duke Ellington,Sophisticated Lady,22.0,17.42,40.75,30.83,44.5,19.58,9.17,8.5,12.5,2ua1p76h5Yy2u3dVZ9Qb0l,tracks/2ua1p76h5Yy2u3dVZ9Qb0l.mp3
168,Sérgio Mendes,Mas que nada,15.56,17.33,16.0,12.17,30.78,37.33,20.67,14.28,2.11,6U7GUjtamt2P0LcFod1dBT,tracks/6U7GUjtamt2P0LcFod1dBT.mp3
170,Desiigner,Panda,40.0,10.5,1.17,15.5,12.17,45.58,37.42,14.25,1.58,275a9yzwGB6ncAW4SxY7q3,tracks/275a9yzwGB6ncAW4SxY7q3.mp3
171,NAS,Doo Rags,40.75,31.83,22.75,32.33,26.25,39.42,41.08,0.0,3.75,2XQrvYopdCkOenX4Z5CdV7,tracks/2XQrvYopdCkOenX4Z5CdV7.mp3
172,DMX,X Gon' Give It To Ya,28.18,12.09,15.82,14.55,15.09,62.09,62.18,0.0,1.09,1zzxoZVylsna2BQB65Ppcb,tracks/1zzxoZVylsna2BQB65Ppcb.mp3
173,Xatar,Meine Große Liebe,10.82,27.18,0.0,15.45,1.0,22.91,27.18,6.73,0.0,7H1xPBRWYLhPGluTUDUYOw,tracks/7H1xPBRWYLhPGluTUDUYOw.mp3
174,Biggie Smalls,Hypnotize,44.58,21.58,33.42,12.92,28.25,39.17,23.0,12.25,0.0,6Tsu3OsuMz4KEGKbOYd6A0,tracks/6Tsu3OsuMz4KEGKbOYd6A0.mp3
175,Salt-N-Pepa,Shoop,16.85,13.21,7.79,4.35,14.85,55.62,31.15,4.94,0.0,0Pu71wxadDlB8fJXfjIjeJ,tracks/0Pu71wxadDlB8fJXfjIjeJ.mp3
176,Prinz Pi,Laura,11.03,8.53,10.82,7.56,13.71,6.15,12.97,21.26,14.09,4pbTElMDaHrkLOfOv8nUdC,tracks/4pbTElMDaHrkLOfOv8nUdC.mp3
177,Black Eyed Peas,Where Is The Love,40.67,40.61,29.21,7.06,9.73,37.39,28.48,7.45,14.24,1FreAz1lmnDi5aKLB6GdFM,tracks/1FreAz1lmnDi5aKLB6GdFM.mp3
178,Blumio,Lass Mal Über Haie Reden,10.56,11.22,2.41,5.56,11.89,39.78,27.59,23.96,3.33,2cdXF2fdd1q3wXg7VnxzEJ,tracks/2cdXF2fdd1q3wXg7VnxzEJ.mp3
179,Cyne,One Day,14.5,9.18,8.25,7.93,18.21,40.54,28.82,9.89,0.82,46cmIQKXy7Ric5yNZ2tzde,tracks/46cmIQKXy7Ric5yNZ2tzde.mp3
180,The Pharcyde,Passin' Me By,19.19,6.48,4.74,10.19,13.81,32.22,22.41,26.93,0.0,4G3dZN9o3o2X4VKwt4CLts,tracks/4G3dZN9o3o2X4VKwt4CLts.mp3
181,Gucci Mane,Tone It Down,11.11,10.21,0.0,7.96,19.43,40.21,29.5,25.46,1.04,0iTCmKvuU1ReULiQB0rI7n,tracks/0iTCmKvuU1ReULiQB0rI7n.mp3
182,Jay-Z,The Story Of OJ,17.68,13.11,11.04,10.36,29.43,31.5,19.96,20.96,2.96,6JpN5w95em8SODPiM7W2PH,tracks/6JpN5w95em8SODPiM7W2PH.mp3
183,2Pac,All Eyez On Me,14.14,10.43,11.75,15.07,28.64,26.32,20.57,21.18,1.21,4VQNCzfZ3MdHEwwErNXpBo,tracks/4VQNCzfZ3MdHEwwErNXpBo.mp3
184,K.I.Z.,Ein Affe und ein Pferd,12.13,8.53,3.87,7.2,11.17,35.1,33.57,40.37,0.0,3qM75mSV84LHHJqlITqZsk,tracks/3qM75mSV84LHHJqlITqZsk.mp3
185,LL Cool J,Around The Way Girl,18.77,9.13,12.53,18.23,32.3,42.67,16.37,6.6,1.7,4Qxv2L4JICAWLFrBV6QeH8,tracks/4Qxv2L4JICAWLFrBV6QeH8.mp3
186,Coolio,Gangsta's Paradise,31.3,15.97,22.53,2.03,12.17,65.57,51.07,9.47,1.03,1DIXPcTDzTj8ZMHt3PDt8p,tracks/1DIXPcTDzTj8ZMHt3PDt8p.mp3
187,Cardi B,Bodak Yellow,10.97,8.06,1.58,4.29,7.23,47.16,39.23,16.16,0.0,6KBYefIoo7KydImq1uUQlL,tracks/6KBYefIoo7KydImq1uUQlL.mp3
188,Killer Mike,A.D.I.D.A.S.,18.44,1.59,6.38,2.25,16.69,37.97,8.47,14.31,2.06,3ghaPXI1bdNDeYpfCEv1Gw,tracks/3ghaPXI1bdNDeYpfCEv1Gw.mp3
189,Beginner,Füchse,18.65,14.55,7.52,2.84,28.48,43.52,17.06,9.84,4.55,4vxjNphyAqPGR8KpuXPGoi,tracks/4vxjNphyAqPGR8KpuXPGoi.mp3
190,Scroobius Pip,Let 'Em Come,8.04,13.96,1.44,3.19,2.78,18.19,26.11,46.37,0.0,5iDkCenF5yMkweYTzvnxc0,tracks/5iDkCenF5yMkweYTzvnxc0.mp3
191,SIDO,Fuffies Im Club,7.07,15.85,1.37,3.37,6.52,28.19,12.26,31.04,1.48,1A0b0yR0quuBByKQzASAvf,tracks/1A0b0yR0quuBByKQzASAvf.mp3
192,Chance The Rapper,Summer Friends,2.26,6.93,6.26,8.52,18.19,24.59,4.67,18.3,0.0,2fl0B0OaXjWbjHCQFx2O8W,tracks/2fl0B0OaXjWbjHCQFx2O8W.mp3
193,Twentyone Pilots,Lane Boy,18.0,13.17,2.45,1.07,11.79,26.62,33.17,7.38,3.52,2P61EK6DMGyVyssLWS4fKy,tracks/2P61EK6DMGyVyssLWS4fKy.mp3
195,The Roots,You Got Me,21.93,10.31,26.0,21.34,21.9,8.72,11.14,9.21,15.21,4pdLZsxq0y5oJDb6Cxlokw,tracks/4pdLZsxq0y5oJDb6Cxlokw.mp3
196,Kanye West,Touch The Sky,16.43,9.75,17.32,10.0,17.14,46.86,22.43,7.04,0.79,2dxjKgT0li4qBI3QwuN9Ih,tracks/2dxjKgT0li4qBI3QwuN9Ih.mp3
197,Pharoahe Monch,Let's Go,7.21,12.93,3.57,0.0,14.11,26.43,20.46,14.54,0.0,67c29TckQ1LtejsU6USqvG,tracks/67c29TckQ1LtejsU6USqvG.mp3
198,Eminem,Mockingbird,25.11,9.54,34.32,14.39,12.46,13.18,9.71,17.54,38.64,561jH07mF1jHuk7KlaeF0s,tracks/561jH07mF1jHuk7KlaeF0s.mp3
199,Eminem,Rap God,30.81,25.07,14.52,9.56,8.26,39.48,34.52,28.41,3.7,6or1bKJiZ06IlK0vFvY75k,tracks/6or1bKJiZ06IlK0vFvY75k.mp3
201,Eminem,Lose Yourself,29.7,17.0,26.0,12.96,16.63,50.96,36.85,15.56,3.7,7MJQ9Nfxzh8LPZ9e9u68Fq,tracks/7MJQ9Nfxzh8LPZ9e9u68Fq.mp3
202,Travis Scott,Antidote,12.23,11.42,7.84,4.1,11.16,43.58,23.74,19.23,1.16,1wHZx0LgzFHyeIZkUydNXq,tracks/1wHZx0LgzFHyeIZkUydNXq.mp3
204,Kanye West,Runaway,13.97,2.81,10.55,11.42,13.84,28.61,6.58,23.26,7.74,3DK6m7It6Pw857FcQftMds,tracks/3DK6m7It6Pw857FcQftMds.mp3
205,Jay-Z,99 Problems,8.75,8.11,5.77,1.3,14.09,43.52,38.34,18.32,0.0,7IdFdRlCjUi6kkhbPoRfnw,tracks/7IdFdRlCjUi6kkhbPoRfnw.mp3
206,50 Cent,In Da Club,15.37,7.16,15.12,5.51,16.7,56.44,25.81,12.16,0.0,7iL6o9tox1zgHpKUfh9vuC,tracks/7iL6o9tox1zgHpKUfh9vuC.mp3
207,Akua Naru,Poetry: How Does It Feel,20.12,14.3,17.67,29.84,42.19,8.93,5.86,10.58,2.19,0SQg86odv33piyPWPgNpBM,tracks/0SQg86odv33piyPWPgNpBM.mp3
208,OutKast,B.O.B.,10.5,15.4,4.93,0.27,11.5,49.47,36.03,28.73,0.67,3WibbMr6canxRJXhNtAvLU,tracks/3WibbMr6canxRJXhNtAvLU.mp3
209,Jedi Mind Tricks,Deathbed Doctrine,11.73,8.1,2.67,3.03,6.6,54.9,36.47,22.23,0.0,1i74MnweHIH0Lt4upFKP9I,tracks/1i74MnweHIH0Lt4upFKP9I.mp3
210,Bushido,Leben Und Tod Des Kenneth Glöckler,19.13,20.6,1.87,1.7,8.4,26.93,39.23,21.9,1.07,3ai0DFuYn5KnHPUbRjAkga,tracks/3ai0DFuYn5KnHPUbRjAkga.mp3
211,Beastie Boys,Fight For Your Right,22.84,8.4,15.76,2.52,3.56,42.96,37.36,29.2,0.0,5NLuC70kZQv8q34QyQa1DP,tracks/5NLuC70kZQv8q34QyQa1DP.mp3
212,Action Bronson,Actin Crazy,10.44,9.32,2.0,1.76,21.24,25.08,19.44,26.6,1.44,3clX2NMmjaAHmBjeTSa9vV,tracks/3clX2NMmjaAHmBjeTSa9vV.mp3
213,Immortal Technique,Leaving the past,18.52,22.64,16.48,3.48,12.76,20.28,11.12,20.24,16.0,6msTUCqIfVOWe7pzWGzh6F,tracks/6msTUCqIfVOWe7pzWGzh6F.mp3
214,SSIO,Nullkommaneun,15.24,17.34,1.69,1.76,4.59,37.76,22.48,36.86,0.0,3cLXgIlvugVKpWBmO5v9oy,tracks/3cLXgIlvugVKpWBmO5v9oy.mp3
215,Wu-Tang Clan,Da Mystery Of Chessboxin',8.24,8.55,1.97,2.41,4.66,35.66,31.14,27.76,0.0,4xOTVtbCPcfxMs2hSt9D6i,tracks/4xOTVtbCPcfxMs2hSt9D6i.mp3
216,Post Malone,Congratulations,17.76,6.22,22.92,7.41,27.68,42.59,25.19,12.22,2.46,3a1lNhkSLSkpJE4MSHpDu9,tracks/3a1lNhkSLSkpJE4MSHpDu9.mp3
217,D-12,Fight Music,1.92,7.89,7.24,0.0,4.78,34.97,42.78,24.92,0.0,3vBv2Tp0kHyBDUBZJr9GXQ,tracks/3vBv2Tp0kHyBDUBZJr9GXQ.mp3
218,Jurassic 5,Work It Out,11.68,14.65,12.11,9.92,23.92,46.51,18.92,12.03,0.0,4wAjMtIbWBP3g1iETZRrg3,tracks/4wAjMtIbWBP3g1iETZRrg3.mp3
219,Logic,Black Spiderman,13.97,13.54,7.91,7.91,11.71,35.37,20.71,18.49,2.43,7BKUWh5sdtdS17crohRe4L,tracks/7BKUWh5sdtdS17crohRe4L.mp3
220,Jay Z,Hard Knock Life,20.0,14.09,19.54,19.11,18.69,35.86,15.11,11.86,3.8,0PncoISAGbKR9HRx5LEbhC,tracks/0PncoISAGbKR9HRx5LEbhC.mp3
221,The Notorious B.I.G.,Juicy,17.8,14.66,13.6,8.26,22.54,33.69,18.57,6.43,2.34,2AP7m2dBb8ULTx4Gc1rdMc,tracks/2AP7m2dBb8ULTx4Gc1rdMc.mp3
222,N.E.R.D,Lemon,9.46,3.33,5.0,3.29,2.12,30.5,23.79,20.83,0.0,2LKlHBPHxLG5ArAXfF148n,tracks/2LKlHBPHxLG5ArAXfF148n.mp3
223,50 Cent,Candy Shop,12.75,3.33,20.25,25.08,7.21,54.62,35.0,5.25,0.0,5D2mYZuzcgjpchVY1pmTPh,tracks/5D2mYZuzcgjpchVY1pmTPh.mp3
224,2Pac,Keep Ya Head Up,8.25,9.62,8.83,8.17,30.33,23.0,10.08,6.0,4.17,4Tttv4p2xuAq1LpQ7LI95E,tracks/4Tttv4p2xuAq1LpQ7LI95E.mp3
226,Geto Boys,Mind Playing Tricks On Me,12.57,8.04,2.04,0.0,7.83,18.39,11.61,33.22,1.09,63BokRfXSQhEU6Qi2dSJpZ,tracks/63BokRfXSQhEU6Qi2dSJpZ.mp3
227,NAS,If I Ruled The World (Imagine That),12.61,19.48,6.96,2.3,15.96,27.83,23.35,14.17,0.0,5PQmSHzWnlgG4EBuIqjac2,tracks/5PQmSHzWnlgG4EBuIqjac2.mp3
228,OutKast,Ms. Jackson,24.0,5.75,35.35,2.05,4.05,42.2,15.45,11.65,6.35,0I3q5fE6wg7LIfHGngUTnV,tracks/0I3q5fE6wg7LIfHGngUTnV.mp3
229,Kendrick Lamar,i,7.58,6.95,0.0,1.84,3.58,29.26,15.79,22.68,0.0,7wdzLe2Gsx1RGqbvYZHASz,tracks/7wdzLe2Gsx1RGqbvYZHASz.mp3
230,Kanye West,Gold Digger,24.79,4.62,23.5,5.76,11.76,62.32,36.79,9.71,0.0,1PS1QMdUqOal0ai3Gt7sDQ,tracks/1PS1QMdUqOal0ai3Gt7sDQ.mp3
231,Max Herre,1Ste Liebe,7.74,5.62,13.47,12.65,20.53,21.59,0.91,18.71,0.0,20xi5ZLlmFLqXtsoNlcqYs,tracks/20xi5ZLlmFLqXtsoNlcqYs.mp3
232,Future,Mask Off,18.29,5.32,10.09,5.68,5.44,31.56,26.12,19.97,2.62,0VgkVdmE4gld66l8iyGjgx,tracks/0VgkVdmE4gld66l8iyGjgx.mp3
233,Ice Cube,It Was A Good Day,5.32,3.32,13.56,4.29,16.03,21.5,10.0,19.97,0.0,2GrOq1y5gksYrqkc8Jzl9T,tracks/2GrOq1y5gksYrqkc8Jzl9T.mp3
235,Yung Hurn,Bianco,15.3,6.47,6.56,5.09,19.3,19.14,4.37,23.93,2.98,1vfVPUkl5v0HXWCEgQJHOf,tracks/1vfVPUkl5v0HXWCEgQJHOf.mp3
236,Blackalicious,Alphabet Aerobics,24.82,16.52,1.61,0.0,10.36,37.58,28.39,27.48,0.0,4z5L0qDduw3w1apQ4Qa6KV,tracks/4z5L0qDduw3w1apQ4Qa6KV.mp3
237,SSIO,Sim-Karte,10.22,9.66,5.66,0.0,10.25,32.81,26.19,23.88,0.0,4boJTTrr04CNomqZj9SJ4f,tracks/4boJTTrr04CNomqZj9SJ4f.mp3
238,Drake,Too Much,16.75,15.66,22.78,15.69,22.47,20.06,18.59,12.0,6.16,5LnXWeA9tuWKI2C1H74iiJ,tracks/5LnXWeA9tuWKI2C1H74iiJ.mp3
239,A$AP Rocky,Fashion Killa,6.91,9.7,7.97,9.73,12.91,20.73,8.12,16.06,3.45,0O3TAouZE4vL9dM5SyxgvH,tracks/0O3TAouZE4vL9dM5SyxgvH.mp3
240,Obie Trice,Got some Teeth,3.46,12.92,8.38,5.5,12.35,50.81,33.88,22.04,0.0,7tszeVkfxO5ISkjZWpIG88,tracks/7tszeVkfxO5ISkjZWpIG88.mp3
241,CunninLynguists,Love Ain't,15.23,21.73,19.23,5.38,7.69,34.65,34.65,19.31,6.04,6qfna7A7WvUwyNoqVwbhnc,tracks/6qfna7A7WvUwyNoqVwbhnc.mp3
242,Jay-Z,Ni**as In Paris,16.62,11.5,15.92,3.73,3.85,60.38,51.46,28.19,0.0,4Li2WHPkuyCdtmokzW2007,tracks/4Li2WHPkuyCdtmokzW2007.mp3
243,CunninLynguists,Valley of Death,18.65,23.39,19.96,0.0,4.65,27.87,20.52,15.3,2.04,3rvuvqoC0zvoUkog7EKLMv,tracks/3rvuvqoC0zvoUkog7EKLMv.mp3
244,Eminem,Till I Collapse,19.73,26.67,7.83,1.67,0.0,42.93,55.17,16.67,0.0,4xkOaSrkexMciUUogZKVTS,tracks/4xkOaSrkexMciUUogZKVTS.mp3
245,Kendrick Lamar,Rigamortus,9.67,5.5,3.4,2.93,9.5,34.47,24.53,30.8,1.37,2lD6AoA8qf2t4Dkf2TcmNK,tracks/2lD6AoA8qf2t4Dkf2TcmNK.mp3
246,Chinese Man,I've Got That Tune,24.37,10.63,8.23,10.1,26.87,50.97,24.5,10.9,0.0,6ZOeDXutLpSGqA1sSL6LrL,tracks/6ZOeDXutLpSGqA1sSL6LrL.mp3
247,Kendrick Lamar,Alright,9.73,5.95,5.95,0.0,7.51,24.92,15.35,19.0,0.0,3iVcZ5G6tvkXZkZKlMpIUs,tracks/3iVcZ5G6tvkXZkZKlMpIUs.mp3
248,Eminem,Shake That,8.76,3.64,11.4,0.6,10.28,37.72,15.12,10.84,0.0,0fGh0trRN1xz3s41r7V5ce,tracks/0fGh0trRN1xz3s41r7V5ce.mp3
249,Immortal Technique,Freedom Of Speech,8.08,6.2,6.12,0.68,8.76,23.44,15.64,23.68,1.76,6fx3RqwMuR3k7M1bCpUFKJ,tracks/6fx3RqwMuR3k7M1bCpUFKJ.mp3
250,Sage Francis,Crack Pipes,9.32,17.64,12.96,1.84,6.6,8.44,16.0,24.48,12.36,0BbYnQHDdUNO5e38PK3GOX,tracks/0BbYnQHDdUNO5e38PK3GOX.mp3
251,Blackstreet,No Diggity,30.0,6.76,19.6,7.96,23.2,33.88,14.08,3.6,0.0,6MdqqkQ8sSC0WB4i8PyRuQ,tracks/6MdqqkQ8sSC0WB4i8PyRuQ.mp3
252,NAS,N.Y. State of Mind,2.4,10.3,1.45,0.0,6.5,23.3,27.75,32.45,3.6,0trHOzAhNpGCsGBEu7dOJo,tracks/0trHOzAhNpGCsGBEu7dOJo.mp3
253,Nicki Minaj,Moment 4 Life,14.75,23.85,3.2,0.0,4.8,44.05,44.0,15.45,0.85,1ia019RqDK2o4QiANR1Dyn,tracks/1ia019RqDK2o4QiANR1Dyn.mp3
254,Missy Elliott,Work It,12.91,8.91,5.3,2.3,0.43,39.22,20.48,19.65,0.0,3jagJCUbdqhDSPuxP8cAqF,tracks/3jagJCUbdqhDSPuxP8cAqF.mp3
255,Marteria,Kids,5.48,15.13,4.04,0.0,12.48,35.61,7.78,18.7,5.0,6lxTIMeCLEkj48TlCRG3XX,tracks/6lxTIMeCLEkj48TlCRG3XX.mp3
256,Wiz Khalifa,"Young, Wild & Free",25.33,13.28,23.61,9.78,8.78,51.83,17.61,18.94,0.0,5HQVUIKwCEXpe7JIHyY734,tracks/5HQVUIKwCEXpe7JIHyY734.mp3
257,Why SL Know Plug,Rite Back,12.63,8.19,0.56,0.0,2.3,35.07,18.11,15.22,0.81,5c2LdL9xlXX0CyPry5UDIR,tracks/5c2LdL9xlXX0CyPry5UDIR.mp3
258,Black Hippy,Control,4.85,9.19,1.48,0.0,2.59,24.11,20.74,34.44,1.63,18lRXAROle06PhNpCqRoSV,tracks/18lRXAROle06PhNpCqRoSV.mp3
259,Dr. Dre,Still D.R.E.,16.0,14.75,27.19,3.0,20.47,38.0,46.88,11.47,0.0,503OTo2dSqe7qk76rgsbep,tracks/503OTo2dSqe7qk76rgsbep.mp3
260,Haftbefehl,Lass Die Affen Aus'm Zoo,6.58,13.94,5.71,1.32,4.0,26.9,30.23,45.55,0.97,6QNgcN2uHhXJG4RWDPyQQF,tracks/6QNgcN2uHhXJG4RWDPyQQF.mp3
261,J. Cole,Wet Dreamz,31.48,13.77,21.84,20.55,30.77,34.74,23.58,11.13,2.1,4tqcoej1zPvwePZCzuAjJd,tracks/4tqcoej1zPvwePZCzuAjJd.mp3
262,Dr. Dre,Nuthin' But A G thang,20.97,6.45,15.81,7.13,20.48,42.9,22.77,13.74,1.61,4YtoipFgf4k0AfD17ZfD5X,tracks/4YtoipFgf4k0AfD17ZfD5X.mp3
263,Soul Position,Priceless,11.93,5.89,2.07,5.85,18.26,35.78,7.52,10.52,0.0,7I4ozG1g4D5H7FvKkMe27n,tracks/7I4ozG1g4D5H7FvKkMe27n.mp3
264,Die Orsons,Ventilator,9.26,5.59,2.33,0.56,5.19,24.67,5.56,21.0,0.74,5j9djud18VQob3Ec3FUoy0,tracks/5j9djud18VQob3Ec3FUoy0.mp3
265,Method Man,Part II,16.85,3.52,2.22,1.52,16.44,35.26,19.3,14.78,0.0,2n7h09QrGitVul66b2D8Re,tracks/2n7h09QrGitVul66b2D8Re.mp3
266,Public Enemy,Harder Than You Think,23.59,9.45,6.66,0.0,8.72,47.28,38.83,20.21,2.59,5YpZh8wfS4moRBk0ijNcXr,tracks/5YpZh8wfS4moRBk0ijNcXr.mp3
267,Mattafix,Big City Life,29.48,18.86,21.83,12.34,23.72,39.21,18.9,7.66,0.0,4stm6lf1vQBSl7Eq4Npzr0,tracks/4stm6lf1vQBSl7Eq4Npzr0.mp3
268,Tyler The Creator,Yonkers,9.72,7.21,0.0,5.17,5.72,17.21,32.45,34.55,4.41,3WQlJpaUUbGtUqAskvGA7c,tracks/3WQlJpaUUbGtUqAskvGA7c.mp3
269,Green Day,Know Your Enemy,20.43,21.0,33.5,5.57,9.14,34.93,49.07,15.36,6.5,5qtwzv99vOr5UTwnTixn7j,tracks/5qtwzv99vOr5UTwnTixn7j.mp3
270,AedFX,Warning,11.37,15.03,0.0,2.0,12.33,35.4,21.8,50.23,3.37,3mHgqUyhKCBo2PKh18sWeo,tracks/3mHgqUyhKCBo2PKh18sWeo.mp3
271,brillion,Aurora,19.93,14.14,38.24,38.93,61.28,8.93,0.0,4.97,1.52,3dsMce7p7FYwsxvHZQuaRP,tracks/3dsMce7p7FYwsxvHZQuaRP.mp3
272,Claptu,sad octopus,17.28,11.6,34.28,26.49,57.53,4.63,1.19,2.23,3.26,6IGd96b2eVkKVhwCW1NJ1e,tracks/6IGd96b2eVkKVhwCW1NJ1e.mp3
273,Claptu,Aper,14.92,11.8,31.8,39.44,57.84,7.12,0.0,9.16,0.8,4tC89UWVzU3PqdqdiQbAdo,tracks/4tC89UWVzU3PqdqdiQbAdo.mp3
274,DECAP,Panther,12.35,16.35,0.48,2.0,5.0,24.78,12.61,49.04,0.0,1WmdcotlVastYfmwlvK7x2,tracks/1WmdcotlVastYfmwlvK7x2.mp3
275,Dexter,Everyday Like This,11.95,1.03,1.86,8.38,9.38,27.0,9.41,17.89,1.05,1IjtbDa43lCjIbClrprdrP,tracks/1IjtbDa43lCjIbClrprdrP.mp3
276,Dj Shadow,Building Steam With A Grain of Salt,9.34,12.38,6.97,6.28,9.72,20.0,15.66,40.24,5.83,4cucslsiEgezV2o900Ykg3,tracks/4cucslsiEgezV2o900Ykg3.mp3
279,Idealism,controlla,22.07,8.81,37.48,29.96,56.7,11.89,3.26,0.0,12.48,7woCxOw0jmj65ohlQ3x0tH,tracks/7woCxOw0jmj65ohlQ3x0tH.mp3
280,Joey Pecoraro,Your Favorite Place,25.81,34.19,22.94,41.84,65.16,21.9,8.9,9.45,2.35,2p6es5NEF5CBRrKC1lJHri,tracks/2p6es5NEF5CBRrKC1lJHri.mp3
281,Lord Finesse,Midas Era,19.5,16.62,12.96,4.31,29.88,39.08,15.77,22.23,1.12,6v0AYQ5YoF51yzGY0v0Dyg,tracks/6v0AYQ5YoF51yzGY0v0Dyg.mp3
283,Philanthrope,pueblo,13.0,18.15,23.67,17.94,44.06,10.91,3.85,7.24,3.85,3oYUtjjvbSxN40CQ71ZvTd,tracks/3oYUtjjvbSxN40CQ71ZvTd.mp3
285,Suff Daddy,K C Vodka,0.0,5.57,1.48,3.33,13.29,18.67,10.71,25.48,3.43,701ScIvdwIVub5swI6ObLG,tracks/701ScIvdwIVub5swI6ObLG.mp3
286,The Deli,5:32pm,15.27,16.04,38.54,27.54,57.15,13.42,1.77,10.96,0.0,7qrBYrivpvfXUPBMmqh3dA,tracks/7qrBYrivpvfXUPBMmqh3dA.mp3
287,Tom Doolie,Blue Book,15.64,12.56,34.47,28.44,48.58,9.31,0.0,8.14,3.71,3E4LT4SvrEhGKIzyAeezEa,tracks/3E4LT4SvrEhGKIzyAeezEa.mp3
289,No Spirit,Glowing Lights,6.43,15.32,19.16,20.65,52.92,3.16,4.59,5.54,5.78,3KunPHIvhxrUaHny2Z1J9w,tracks/3KunPHIvhxrUaHny2Z1J9w.mp3
290,Rancid,Time Bomb,5.06,3.75,15.94,1.62,5.06,34.81,24.19,21.44,1.62,41kg2RvdwBuIv0OPpvBS4v,tracks/41kg2RvdwBuIv0OPpvBS4v.mp3
291,Amy Winehouse,I Heard Love Is Blind,24.73,13.09,17.73,26.45,40.36,31.55,2.18,3.64,5.91,3Li4nWTnkUu19vxkhNW9td,tracks/3Li4nWTnkUu19vxkhNW9td.mp3
292,Madeleine Peyroux,To Love You All Over Again,22.33,21.25,31.0,25.58,41.75,10.08,7.17,0.75,23.17,4EPwpBN0t11bIxjsAI8oaF,tracks/4EPwpBN0t11bIxjsAI8oaF.mp3
294,Paradise Lost,Faith Divides Us - Death Unites Us,13.84,17.26,9.79,3.89,6.74,13.16,37.32,46.58,17.89,5gOjvocmJZQ05QBSE9xIkR,tracks/5gOjvocmJZQ05QBSE9xIkR.mp3
295,Fafá de Belém,Foi Assim,14.67,13.83,28.21,22.42,29.88,15.21,9.33,7.46,11.62,55snJzt0NFIY0unGMjMuw9,tracks/55snJzt0NFIY0unGMjMuw9.mp3
296,Lucky Twice,Lucky,14.14,8.67,22.81,20.71,11.05,35.67,34.57,11.05,7.0,4Td50xcLZQOrOHQeG0vULJ,tracks/4Td50xcLZQOrOHQeG0vULJ.mp3
297,t.A.T.u.,All the Things She Said,25.62,20.69,29.23,19.08,15.54,34.92,46.69,12.0,13.77,4bJygwUKrRgq1stlNXcgMg,tracks/4bJygwUKrRgq1stlNXcgMg.mp3
298,Daft Punk,Lose Yourself To Dance,12.43,19.43,15.76,4.48,15.76,36.67,23.52,9.57,7.95,5CMjjywI0eZMixPeqNd75R,tracks/5CMjjywI0eZMixPeqNd75R.mp3
299,Cult of Luna,Thirtyfour,6.35,15.87,9.68,1.45,5.71,8.9,33.65,38.68,7.94,59mzCn4G9KcuIWoksoe2aq,tracks/59mzCn4G9KcuIWoksoe2aq.mp3
300,Fergie,Big Girls Don't Cry,14.79,18.89,30.37,22.11,22.58,32.53,23.74,3.74,15.89,3Q4WeJmzxuDpzMu9QjQqbM,tracks/3Q4WeJmzxuDpzMu9QjQqbM.mp3
301,Thievery Corporation,The Richest Man in Babylon,10.93,11.73,11.87,11.67,28.07,31.2,29.87,8.27,7.07,20F3FcES8KU4kffMCkFgNN,tracks/20F3FcES8KU4kffMCkFgNN.mp3
302,Kylie Minogue,Skirt,13.29,11.29,11.0,11.14,3.43,37.93,47.36,22.71,0.36,4HS4veWZYPzHvEmVxrVEoy,tracks/4HS4veWZYPzHvEmVxrVEoy.mp3
303,Sia,The Church of What's Happening Now,40.23,34.85,38.77,37.23,48.85,15.77,12.46,10.54,40.85,2NIq6qD7oM7SRT0C7kobr5,tracks/2NIq6qD7oM7SRT0C7kobr5.mp3
304,The Weather Girls,It's Raining Men,24.71,27.86,59.07,20.64,0.86,77.5,63.57,7.36,0.21,4caiYv89C9GZdDD1RzshWd,tracks/4caiYv89C9GZdDD1RzshWd.mp3
305,blink-182,Online Songs,12.85,7.15,24.92,3.08,8.0,58.38,49.62,12.0,1.38,2DcxTfOm8y2UgeP81qdidR,tracks/2DcxTfOm8y2UgeP81qdidR.mp3
306,Darren Styles,Cutting Deep,10.36,26.43,5.29,0.0,5.36,42.21,36.29,27.93,1.71,2GOGJIN0VMUFrHtyKvmkQn,tracks/2GOGJIN0VMUFrHtyKvmkQn.mp3
307,Leo Sayer,More Than I Can Say,12.33,17.29,30.38,22.24,34.95,15.24,8.33,4.95,14.38,3RJ81z1sPLeWEFuCfGaCLC,tracks/3RJ81z1sPLeWEFuCfGaCLC.mp3
308,Air Supply,The One That You Love,22.06,17.0,30.56,42.06,18.19,21.81,15.69,7.31,23.38,3FDAd5vW4P7xe1GBNOLyfD,tracks/3FDAd5vW4P7xe1GBNOLyfD.mp3
309,Mr. Mister,Broken Wings,34.41,24.94,49.59,20.59,26.76,20.71,24.35,3.88,9.82,78FHUZRbFDCG6VkRAQdFLm,tracks/78FHUZRbFDCG6VkRAQdFLm.mp3
310,Hooverphonic,One,19.69,17.62,30.06,34.31,33.75,12.12,6.5,6.62,12.62,6g7ervcGNeDlHFQFXkcSzS,tracks/6g7ervcGNeDlHFQFXkcSzS.mp3
311,Paul McCartney,The Lovely Linda,21.59,12.47,45.59,30.41,54.59,24.71,5.65,6.94,15.0,0Ca2mDERpTFmnttcSt9UcR,tracks/0Ca2mDERpTFmnttcSt9UcR.mp3
312,Owl City,Lucid Dream,28.33,24.33,27.0,17.56,45.11,28.89,15.44,2.22,4.78,4icP6VWlKBLIHzl0bBD4xw,tracks/4icP6VWlKBLIHzl0bBD4xw.mp3
313,Stevie Wonder,I Just Called to Say I Love You,28.91,12.64,47.36,54.73,54.91,48.09,11.82,1.27,13.64,6RNDeRnWsRMjPdNVgupZCs,tracks/6RNDeRnWsRMjPdNVgupZCs.mp3
314,Massive Attack,Mezzanine,13.07,28.86,18.14,6.36,17.07,13.64,22.0,41.14,17.21,67Hna13dNDkZvBpTXRIaOJ,tracks/67Hna13dNDkZvBpTXRIaOJ.mp3
315,Solitude Aeturnus,Seeds of the Desolate,2.06,11.12,8.65,1.12,0.29,7.29,19.41,61.06,6.12,7emF3lKU8NmkrlmDXUTYER,tracks/7emF3lKU8NmkrlmDXUTYER.mp3
316,"Chunk! No, Captain Chunk!",So Close and Yet So Far,13.64,5.71,27.79,7.79,10.07,51.71,49.86,19.21,9.5,4nYV0FQkrOXzruL4xFlKmL,tracks/4nYV0FQkrOXzruL4xFlKmL.mp3
317,Sam Smith,Stay with Me,12.27,14.64,27.91,44.18,34.91,20.09,12.73,3.36,46.64,5Nm9ERjJZ5oyfXZTECKmRt,tracks/5Nm9ERjJZ5oyfXZTECKmRt.mp3
318,The Platters,My Prayer,36.56,23.75,50.56,49.88,36.0,18.19,15.25,5.56,17.38,1ntGJDSakqsaw1KhptKrB5,tracks/1ntGJDSakqsaw1KhptKrB5.mp3
319,Skrillex,First of the Year (Equinox),2.5,11.58,12.17,0.67,1.0,8.58,19.92,44.67,5.0,5i7fZq3chLyCHo3VeB6goD,tracks/5i7fZq3chLyCHo3VeB6goD.mp3
320,Sarah McLachlan,Elsewhere,22.35,12.47,31.12,33.41,37.12,7.0,4.59,6.47,39.47,1hBi66N1p1QyvFTHjnH2jv,tracks/1hBi66N1p1QyvFTHjnH2jv.mp3
321,Lakeside,Fantastic Voyage,17.89,12.0,19.47,3.26,12.84,35.74,30.68,10.26,1.26,0rc9Uwm4vmnQEfx5omLWWF,tracks/0rc9Uwm4vmnQEfx5omLWWF.mp3
322,My Dying Bride,For My Fallen Angel,45.38,25.67,26.14,33.67,44.86,5.52,17.52,8.71,46.76,5oVSFQUi1hBYYRiNeOwfWy,tracks/5oVSFQUi1hBYYRiNeOwfWy.mp3
323,St. Vincent,I Prefer Your Love,22.29,19.18,23.47,11.94,41.71,5.82,7.65,6.65,16.35,0Snb87Z4Zdn6YFMicWA7gx,tracks/0Snb87Z4Zdn6YFMicWA7gx.mp3
324,Wild Cherry,Play That Funky Music,22.15,27.54,33.46,14.23,23.69,58.46,36.0,3.08,2.92,5uuJruktM9fMdN9Va0DUMl,tracks/5uuJruktM9fMdN9Va0DUMl.mp3
325,Sandy,Aquela dos 30,16.52,8.64,9.72,11.96,8.28,45.84,20.08,7.76,1.48,13P1ZQvK9lejmHM6h8Pnbk,tracks/13P1ZQvK9lejmHM6h8Pnbk.mp3
326,Modern Talking,"You're My Heart, You're My Soul",7.59,5.59,15.47,8.53,14.82,24.71,15.71,12.94,5.12,0Zn63G0XTiqXwr1KSmARWz,tracks/0Zn63G0XTiqXwr1KSmARWz.mp3
327,Karma Fields,Build The Cities (feat. Kerli),6.3,13.5,1.6,0.4,5.7,28.9,40.4,28.7,0.3,50fO3coGeBVITFxiYlHSDs,tracks/50fO3coGeBVITFxiYlHSDs.mp3
331,Alfvén,Midsommarvaka,35.67,34.58,8.67,35.42,40.33,28.83,17.58,4.33,0.0,6bnYnAVPzpWLqG4mqC9gc3,tracks/6bnYnAVPzpWLqG4mqC9gc3.mp3
367,Albinoni,"Concerto a cinque No. 2, Op. 9",27.3,23.59,28.37,24.52,34.15,30.78,22.59,6.96,3.59,0Ouz5wpLFbtXjAdxLRydQq,tracks/0Ouz5wpLFbtXjAdxLRydQq.mp3
433,Lauran Hibberd,Sugardaddy,6.92,8.38,17.31,21.15,18.69,34.77,20.85,12.0,2.69,6eXsSF9ufDWqnCJC4GVIsj,tracks/6eXsSF9ufDWqnCJC4GVIsj.mp3
434,Lasgo,Something,15.64,28.07,18.64,5.64,4.86,59.86,51.21,17.79,0.0,3e9L9HiHKcfYLAga28Vmcf,tracks/3e9L9HiHKcfYLAga28Vmcf.mp3
435,Mariah Carey,Want You,14.5,15.0,20.21,20.57,23.57,19.57,27.07,14.14,7.93,0bYg9bo50gSsH3LtXe2SQn,tracks/0bYg9bo50gSsH3LtXe2SQn.mp3
436,The Knife,Heartbeats,16.62,14.0,11.71,14.43,8.81,21.62,18.9,18.38,12.95,2YacpExEbX9tF8IbFlFOo4,tracks/2YacpExEbX9tF8IbFlFOo4.mp3
437,Lake of Tears,So Fell Autumn Rain,9.77,10.8,15.83,2.37,3.37,11.93,28.57,13.73,12.87,2sXOtMnG1wfnNsNUQ6oDPR,tracks/2sXOtMnG1wfnNsNUQ6oDPR.mp3
438,Dire Straits,So Far Away,30.4,24.7,45.8,27.7,29.1,22.0,16.1,6.2,24.9,3pGBIgFdfdnjtHDJR4nbrR,tracks/3pGBIgFdfdnjtHDJR4nbrR.mp3
439,Joss Stone,Headturner,12.38,11.38,34.54,13.08,7.15,43.46,52.46,28.46,0.38,7MX14dwZzEIg84qKdlWTHv,tracks/7MX14dwZzEIg84qKdlWTHv.mp3
440,Panic! at the Disco,Death of a Bachelor,13.19,3.94,13.94,24.06,17.69,9.81,7.44,9.69,1.44,1BECwm5qkaBwlbfo4kpYx8,tracks/1BECwm5qkaBwlbfo4kpYx8.mp3
441,Take That,Love Ain't Here Anymore,17.5,11.5,26.6,29.6,29.4,6.7,6.9,3.3,29.9,1LtwwvNy05VlULpCTogigr,tracks/1LtwwvNy05VlULpCTogigr.mp3
442,Télépopmusik,Genetic World,12.3,15.4,8.8,2.7,17.2,10.4,10.4,11.7,4.1,0uKrhHBDUQ4w5fv4qwOubP,tracks/0uKrhHBDUQ4w5fv4qwOubP.mp3
443,"Hamilton, Joe Frank & Reynolds",Don't Pull Your Love,11.8,11.6,16.47,30.87,28.8,28.07,15.27,10.07,2.4,7tJsTykoo4Jk5JguHTx9W7,tracks/7tJsTykoo4Jk5JguHTx9W7.mp3
444,Diablo Swing Orchestra,Balrog Boogie,7.21,9.93,7.29,0.5,0.79,25.64,32.29,24.93,0.5,65RptVLH4KdgCeEAuPS8WY,tracks/65RptVLH4KdgCeEAuPS8WY.mp3
445,Nat King Cole,Unforgettable,28.83,20.33,62.92,48.83,61.0,16.42,6.25,7.92,20.92,648TTtYB0bH0P8Hfy0FmkL,tracks/648TTtYB0bH0P8Hfy0FmkL.mp3
446,Zendaya,Only When You're Close,9.94,12.72,12.28,7.28,8.11,6.33,16.61,23.22,16.89,7BhxxlLcCCfvixzy8KExZv,tracks/7BhxxlLcCCfvixzy8KExZv.mp3
447,Chris Rea,And you my love,8.2,4.1,19.25,31.8,24.35,12.5,7.15,7.9,16.95,7iJmWC3h8tJOCK4OzPFZ2c,tracks/7iJmWC3h8tJOCK4OzPFZ2c.mp3
448,Imagination,Music and Lights,28.6,17.87,40.8,33.67,22.4,52.33,30.6,4.73,0.47,3kEA66ZM9mCxwhynOxgsLh,tracks/3kEA66ZM9mCxwhynOxgsLh.mp3
449,Five Star,Let Me Be The One,4.29,1.29,20.88,14.12,7.65,36.18,15.71,6.82,1.29,7Ly6unSf5gXUdF3S3nGlSH,tracks/7Ly6unSf5gXUdF3S3nGlSH.mp3
450,Joshua Kadison,Jessie,26.71,17.86,27.5,34.79,30.64,14.29,19.14,8.14,27.43,4n8iSiSWRdaSeSpJMbdk9O,tracks/4n8iSiSWRdaSeSpJMbdk9O.mp3
451,Chaka Khan,So Naughty,13.45,15.64,11.27,20.55,6.73,26.73,33.45,13.18,8.09,1CpsuBEVGtEMR8MqoCa3gK,tracks/1CpsuBEVGtEMR8MqoCa3gK.mp3
452,Bootsy Collins,I'd Rather Be With You,6.71,8.53,25.18,9.65,5.76,18.24,23.35,8.35,8.94,42rFOQqHmXf9IkdwVqkooK,tracks/42rFOQqHmXf9IkdwVqkooK.mp3
453,Foster the People,Pumped Up Kicks,22.05,7.95,40.73,3.95,20.05,39.0,23.09,8.95,8.23,7w87IxuO7BDcJ3YUqCyMTT,tracks/7w87IxuO7BDcJ3YUqCyMTT.mp3
454,Chris de Burgh,The Lady in Red,31.65,22.71,41.82,52.0,33.53,15.18,8.59,5.06,35.29,1GeNWyZtCHbcp3ZWp8GTOO,tracks/1GeNWyZtCHbcp3ZWp8GTOO.mp3
455,Britney Spears,Where Are You Now,5.12,6.69,25.75,26.06,25.69,7.56,4.62,14.19,23.94,4MOBPIIRUgHTBAp0NpgLTm,tracks/4MOBPIIRUgHTBAp0NpgLTm.mp3
456,Armin van Buuren,Not Giving Up On Love,16.33,22.75,12.42,6.33,15.25,39.42,30.83,22.42,4.67,1frLUl7UjAs0eLL2FzJgmA,tracks/1frLUl7UjAs0eLL2FzJgmA.mp3
457,Onuka,Vsesvit,17.56,12.22,4.22,11.0,17.0,28.22,24.67,4.33,11.33,0ROyrrMf9crvLUImY1SoG6,tracks/0ROyrrMf9crvLUImY1SoG6.mp3
458,Sly & The Family Stone,(You Caught Me) Smilin',6.85,5.31,22.08,14.77,16.85,25.62,22.31,8.85,9.15,5XTiyBLVLjqhAGRcJBUC5F,tracks/5XTiyBLVLjqhAGRcJBUC5F.mp3
459,Daddy Was A Milkman,Breathe In,19.56,10.22,16.11,29.61,52.56,10.17,1.83,5.22,10.5,0JD76XBC2uL6A5ZHTKIKHF,tracks/0JD76XBC2uL6A5ZHTKIKHF.mp3
460,Gorillaz,Tomorrow Comes Today,26.43,25.86,27.21,12.21,24.71,24.57,17.79,6.21,22.64,3qdDjz9kOvquEFbvXBYOMQ,tracks/3qdDjz9kOvquEFbvXBYOMQ.mp3
461,Kool & The Gang,Steppin' Out,24.13,17.2,28.33,19.4,20.53,49.27,25.6,9.07,1.73,05NdLBmUVkXlBpel2QR07Y,tracks/05NdLBmUVkXlBpel2QR07Y.mp3
462,Adriana Calcanhotto,Devolva-me,18.0,15.5,32.29,27.79,40.71,5.29,11.14,9.07,26.93,5sz2LrG6jY6u7U0g2k7kws,tracks/5sz2LrG6jY6u7U0g2k7kws.mp3
463,Michael Jackson,Ain't No Sunshine,20.57,15.71,29.0,18.5,12.71,20.71,28.93,10.93,15.07,6ac4lvV0LKQlbHYXJ7vTDb,tracks/6ac4lvV0LKQlbHYXJ7vTDb.mp3
464,Lily Allen,Smile,19.5,10.11,42.56,16.44,31.89,33.78,15.17,7.5,9.33,4aR9bPMAOFySBuQSbVWF3d,tracks/4aR9bPMAOFySBuQSbVWF3d.mp3
465,Christina Aguilera,I Got Trouble,14.0,14.15,27.15,23.08,31.85,23.08,28.08,11.46,5.62,6eRY1OgTVUeqtyEviApFaw,tracks/6eRY1OgTVUeqtyEviApFaw.mp3
466,Hot Chip,So Glad to See You,11.1,9.5,16.5,24.4,20.1,14.4,7.1,11.5,5.9,0PCYXSyESysJ1Eodxjyn9p,tracks/0PCYXSyESysJ1Eodxjyn9p.mp3
467,Loreen,My Heart Is Refusing Me,29.6,20.3,21.5,6.2,9.7,36.4,55.6,17.2,3.8,0sg9jTiFokw2U15qGK7wPK,tracks/0sg9jTiFokw2U15qGK7wPK.mp3
468,Leftfield,Release the Pressure,18.71,10.36,12.93,15.64,24.93,31.64,21.07,9.36,9.43,6SpP5cpf4dY8AFFtXEfqmA,tracks/6SpP5cpf4dY8AFFtXEfqmA.mp3
469,Modestep,Sunlight,2.69,9.88,4.0,1.38,4.44,13.75,18.62,39.44,4.31,0Ix7doBgImhoWJfDnwezP1,tracks/0Ix7doBgImhoWJfDnwezP1.mp3
470,The Whitest Boy Alive,Keep a Secret,12.69,11.69,14.31,5.12,20.0,8.31,4.0,22.0,11.75,7pHWIlKBTQJM9oErC4OzSP,tracks/7pHWIlKBTQJM9oErC4OzSP.mp3
471,Patti LaBelle,Over The Rainbow,34.15,30.69,24.23,20.08,15.0,21.23,45.54,8.23,6.31,3e7isfNT5Z8TSms4zPkMPV,tracks/3e7isfNT5Z8TSms4zPkMPV.mp3
472,M2M,Don't Say You Love Me,11.27,8.93,23.4,30.53,19.4,34.67,6.73,6.87,6.8,65i1UPsUtPlEVzewEZR6sY,tracks/65i1UPsUtPlEVzewEZR6sY.mp3
473,Billie Holiday,Lady Sings The Blues,14.79,13.5,30.07,27.71,30.36,7.29,4.71,3.0,19.29,6rX7Rgi2O5csTzLan7rL0c,tracks/6rX7Rgi2O5csTzLan7rL0c.mp3
474,Sixpence None the Richer,Kiss Me,15.86,6.93,39.64,37.5,26.36,24.86,5.5,6.86,6.14,754kgU5rWscRTfvlsuEwFp,tracks/754kgU5rWscRTfvlsuEwFp.mp3
475,Vanessa da Mata,Eu Não Tenho,13.56,5.39,13.83,16.72,22.17,19.89,4.94,4.67,4.0,3RfOd8VhrhsV7othWm5mNF,tracks/3RfOd8VhrhsV7othWm5mNF.mp3
476,Ben E. King,Stand By Me,33.75,32.62,66.12,57.38,44.88,49.0,16.75,5.88,37.0,3SdTKo2uVsxFblQjpScoHy,tracks/3SdTKo2uVsxFblQjpScoHy.mp3
477,Coldplay,Animals,10.58,8.83,29.92,14.42,18.42,0.58,8.17,26.08,28.58,59tjfzA98dum1TXhJ4XWoe,tracks/59tjfzA98dum1TXhJ4XWoe.mp3
478,Santigold,You'll Find A Way,31.67,20.92,12.67,5.25,9.92,53.0,49.58,28.5,3.75,1ZUj6t3goYbtWrCKFnwzIf,tracks/1ZUj6t3goYbtWrCKFnwzIf.mp3
479,The Pointer Sisters,I'm So Excited,18.18,15.71,50.59,15.24,13.24,69.24,48.35,9.94,1.35,1ot6jEe4w4hYnsOPjd3xKQ,tracks/1ot6jEe4w4hYnsOPjd3xKQ.mp3
480,Armin van Buuren,This Is What It Feels Like,18.86,17.93,20.36,16.14,8.79,29.86,22.43,7.64,11.5,5GjnIpUlLGEIYk052ISOw9,tracks/5GjnIpUlLGEIYk052ISOw9.mp3
481,Cissy Houston,Think It Over,20.27,21.64,21.45,11.45,11.64,47.45,40.73,18.0,7.45,09HKieZL31JLWTb2s5tm6I,tracks/09HKieZL31JLWTb2s5tm6I.mp3
482,Chris Rea,Fool (If You Think It's Over),11.45,13.85,37.1,28.65,45.95,31.95,5.5,5.25,13.95,0UHiH4dy1hXULYl8CgNxRV,tracks/0UHiH4dy1hXULYl8CgNxRV.mp3
483,Katy B,Katy on a Mission,10.39,7.83,3.06,2.0,2.5,10.06,23.5,15.56,1.94,47uhrF6IvyE2eUyyfLAEzf,tracks/47uhrF6IvyE2eUyyfLAEzf.mp3
484,Emma Bunton,Take My Breath Away,10.08,2.75,22.42,43.58,19.33,15.25,2.25,0.42,7.33,0wVPsQNQ4tsjTTf2LIdOA7,tracks/0wVPsQNQ4tsjTTf2LIdOA7.mp3
485,Electric Wizard,Vinum Sabbathi,4.54,6.08,6.0,1.73,2.88,8.65,36.38,41.92,5.42,3d1uPNDeeceYhoNNo4pnv8,tracks/3d1uPNDeeceYhoNNo4pnv8.mp3
486,Noisestorm,Breakdown VIP,24.62,38.77,32.54,10.31,17.38,25.92,37.69,17.85,3.0,1wrKexsB7sCKsRyfu4J4QT,tracks/1wrKexsB7sCKsRyfu4J4QT.mp3
487,High on Fire,Rumors of War,11.69,5.31,13.46,0.15,0.15,13.69,37.08,66.92,4.85,33XdEVFV3YFrKQ0y99t6Sf,tracks/33XdEVFV3YFrKQ0y99t6Sf.mp3
488,Caetano Veloso,Alexandre,14.07,5.57,9.43,10.5,10.5,40.29,11.07,9.29,2.36,4fpHhkV7T4WEwdkpN5tL6R,tracks/4fpHhkV7T4WEwdkpN5tL6R.mp3
489,Oliver Cheatham,Get Down Saturday Night,20.0,13.79,14.21,6.68,8.05,52.74,30.32,16.68,2.53,0IZVSGXU9oBi6mbsWyLas6,tracks/0IZVSGXU9oBi6mbsWyLas6.mp3
490,Bruno Mars,Just the Way You Are,20.29,10.67,45.86,40.24,22.33,45.43,16.81,5.05,9.57,7BqBn9nzAq8spo5e7cZ0dJ,tracks/7BqBn9nzAq8spo5e7cZ0dJ.mp3
491,Kelis,Rolling Through the Hood,5.0,6.36,17.73,15.45,22.91,17.55,20.36,3.91,8.0,7bjpWKh3teUpsNgdpcq7eb,tracks/7bjpWKh3teUpsNgdpcq7eb.mp3
492,OutKast,Hey Ya!,8.38,4.75,32.12,1.12,9.0,53.88,40.0,3.62,1.12,2PpruBYCo4H7WOBJ7Q2EwM,tracks/2PpruBYCo4H7WOBJ7Q2EwM.mp3
493,Lolly,Viva La Radio,21.58,12.42,24.0,11.33,11.33,39.33,23.17,24.83,1.42,0N08KoCLrMNg9liFPucWhU,tracks/0N08KoCLrMNg9liFPucWhU.mp3
494,Kings of Convenience,I'd Rather Dance With You,26.64,11.36,26.91,33.91,24.09,30.91,16.36,6.45,5.09,4hGOhC87bn7JBdYykOJJvJ,tracks/4hGOhC87bn7JBdYykOJJvJ.mp3
495,B.J. Thomas,Rock And Roll Lullaby,14.5,10.56,35.25,28.38,36.5,17.94,2.0,0.62,12.44,3aVNV6pawEERvfdurW66ZT,tracks/3aVNV6pawEERvfdurW66ZT.mp3
496,Princess Chelsea,When The World Turns Grey,21.2,23.07,26.0,19.47,24.0,6.27,10.13,14.0,27.8,3Oe4aYH6ifYIIYsX2isIR4,tracks/3Oe4aYH6ifYIIYsX2isIR4.mp3
497,Aqua,Barbie Girl,10.53,19.63,58.37,5.58,10.0,60.42,21.63,0.53,0.53,2RSOzvKUnfDDrb2nQPfpQU,tracks/2RSOzvKUnfDDrb2nQPfpQU.mp3
498,Milli Vanilli,I'm Gonna Miss You,25.5,14.5,28.75,44.5,48.31,37.56,8.12,7.69,14.31,2dThEJP9S344qzNhePcSzj,tracks/2dThEJP9S344qzNhePcSzj.mp3
499,Bobby Womack,Woman's Gotta Have It,13.36,12.64,29.91,23.09,18.09,24.73,13.91,0.0,4.45,20HCbY9qPpi1H2pP2MRUWy,tracks/20HCbY9qPpi1H2pP2MRUWy.mp3
500,Dido,Don't Leave Home,32.75,20.33,42.42,38.0,35.83,19.67,20.42,6.75,30.33,4N7e9ltiDKb19Swu2CWqMB,tracks/4N7e9ltiDKb19Swu2CWqMB.mp3
501,En Vogue,Beat of Love,14.0,8.44,6.44,18.44,19.33,7.0,5.22,27.0,3.22,2CHSYLRP4AQgyKV17Qc9QO,tracks/2CHSYLRP4AQgyKV17Qc9QO.mp3
502,Ed Sheeran,Happier,23.29,15.14,39.29,30.71,25.21,5.0,7.0,10.29,43.57,2RttW7RAu5nOAfq6YFvApB,tracks/2RttW7RAu5nOAfq6YFvApB.mp3
503,Gorillaz,Feel good Inc.,62.92,26.08,17.54,24.85,29.85,48.0,23.31,7.38,0.0,0d28khcov6AiegSCpG5TuT,tracks/0d28khcov6AiegSCpG5TuT.mp3
504,Jamiroquai,Virtual Insanity,61.77,11.0,29.62,18.38,24.85,45.0,38.08,0.0,0.92,2Bxt2qamL6iu0XN0Td484J,tracks/2Bxt2qamL6iu0XN0Td484J.mp3
505,Jose Gonzales,Heartbeats,50.83,21.08,38.92,52.58,52.08,0.0,9.17,0.0,9.33,11X4Gw3T4hoktVruLgTnm1,tracks/11X4Gw3T4hoktVruLgTnm1.mp3
506,Aerosmith,I Don't Want To Miss A Thing,39.17,19.75,53.42,47.58,42.08,44.25,31.33,7.42,12.42,225xvV8r1yKMHErSWivnow,tracks/225xvV8r1yKMHErSWivnow.mp3
507,Sugababes,Push The Button,45.0,14.73,24.91,12.55,12.0,57.36,42.45,17.73,6.91,3EDS89HeAhHiZKlljciK0a,tracks/3EDS89HeAhHiZKlljciK0a.mp3
508,Boy,Little Numbers,58.17,29.17,17.58,25.5,31.42,54.0,14.0,0.0,3.5,34UMrasAWi3VHMWpMePxGu,tracks/34UMrasAWi3VHMWpMePxGu.mp3
509,Neil Diamind,Sweet Caroline,39.0,23.83,29.33,20.33,6.83,53.92,18.42,0.0,0.0,62AuGbAkt8Ox2IrFFb8GKV,tracks/62AuGbAkt8Ox2IrFFb8GKV.mp3
510,Elton John,Your Song,30.23,24.06,37.66,23.46,22.06,21.57,25.94,5.66,20.74,38zsOOcu31XbbYj9BIPUF1,tracks/38zsOOcu31XbbYj9BIPUF1.mp3
511,Lady Gaga,Pokerface,23.53,14.09,30.59,0.0,11.53,67.76,43.15,3.21,0.0,1QV6tiMFM6fSOKOGLMHYYg,tracks/1QV6tiMFM6fSOKOGLMHYYg.mp3
512,Madonna,Don't Tell Me,10.15,8.18,17.21,10.3,26.76,30.42,8.33,12.91,0.0,23EhTCPRTlLVM6VQUyh8bH,tracks/23EhTCPRTlLVM6VQUyh8bH.mp3
513,Brett Dennen,She's Mine,21.79,9.15,21.12,31.58,44.48,30.36,3.91,10.3,1.06,5MnmTKjatNTY3BJ2DURVjE,tracks/5MnmTKjatNTY3BJ2DURVjE.mp3
514,Little Big Town,Girl Crush,23.42,10.48,25.36,38.55,26.48,14.45,9.39,6.52,18.12,11qh54D0PKkBwelpDxxiEU,tracks/11qh54D0PKkBwelpDxxiEU.mp3
515,Robin Schulz,Sugar,16.85,7.93,11.56,9.52,22.0,48.26,38.0,9.0,0.0,5tf1VVWniHgryyumXyJM7w,tracks/5tf1VVWniHgryyumXyJM7w.mp3
516,Jeremy Kay,Have It All,24.19,14.3,19.33,38.11,30.48,30.0,16.59,2.19,8.33,2lt8MKIve6BMPAJ6xfH8bL,tracks/2lt8MKIve6BMPAJ6xfH8bL.mp3
517,Keane,Everybodys Changing,23.11,20.61,30.93,12.43,32.11,32.14,9.5,1.75,11.5,0yac0FPhLRH9i9lOng3f81,tracks/0yac0FPhLRH9i9lOng3f81.mp3
518,Enya,Only Time,24.11,34.0,38.59,29.0,45.59,17.63,16.59,2.11,19.56,6FLwmdmW77N1Pxb1aWsZmO,tracks/6FLwmdmW77N1Pxb1aWsZmO.mp3
519,Katie Tunstall,Suddenly I See,38.29,15.75,21.82,22.5,22.39,60.11,30.89,1.71,0.0,5p9XWUdvbUzmPCukOmwoU3,tracks/5p9XWUdvbUzmPCukOmwoU3.mp3
520,Bruno Mars,Grenade,27.96,15.68,35.46,24.21,14.29,49.21,26.82,9.79,8.25,4lLtanYk6tkMvooU0tWzG8,tracks/4lLtanYk6tkMvooU0tWzG8.mp3
521,Macklemore,Same Love,40.46,19.07,34.93,32.5,30.25,31.57,13.32,4.96,6.25,01uqI4H13Gsd8Lyl1EYd8H,tracks/01uqI4H13Gsd8Lyl1EYd8H.mp3
522,Magic!,Let Your Hair Down,17.46,11.54,21.0,28.46,34.86,19.61,8.36,13.89,0.0,0uQSHrFDVtbQyxNFCwm1EC,tracks/0uQSHrFDVtbQyxNFCwm1EC.mp3
523,Elton John,Don't Go Breaking My Heart,43.67,18.83,25.2,10.7,35.2,67.6,31.17,7.33,0.0,7HW5WIw7ZgZORCzUxv5gW5,tracks/7HW5WIw7ZgZORCzUxv5gW5.mp3
524,The Weeknd,Starboy,36.37,18.77,15.9,21.3,24.3,39.83,16.1,17.6,6.53,7MXVkk9YMctZqd1Srtv4MB,tracks/7MXVkk9YMctZqd1Srtv4MB.mp3
525,All American Rejects,Fallin Apart,28.07,17.13,9.13,9.73,26.77,56.2,40.03,8.67,0.0,3YoLDoNNTKb7R3Gc3yRrGK,tracks/3YoLDoNNTKb7R3Gc3yRrGK.mp3
526,Bon Iver,Skinny Love,42.0,25.93,55.9,30.87,49.57,27.5,8.7,3.23,13.0,1HkOPLwAJH3kE8UnqgxF4s,tracks/1HkOPLwAJH3kE8UnqgxF4s.mp3
527,Katie Perry,I Kissed A Girl,33.45,12.71,24.45,6.39,15.23,59.68,44.39,8.55,1.55,14iN3o8ptQ8cFVZTEmyQRV,tracks/14iN3o8ptQ8cFVZTEmyQRV.mp3
528,Brett Dennen,Closer To You,18.62,6.44,24.69,26.22,42.78,12.25,6.78,7.12,6.38,2NqSfApThFnUxlKaj4tnXB,tracks/2NqSfApThFnUxlKaj4tnXB.mp3
529,AnnenMayKantereit,Wohin Du Gehst,20.06,13.41,25.56,5.38,14.72,34.38,34.09,9.47,2.19,40PO9gfu9bHdnsQqEKrcjg,tracks/40PO9gfu9bHdnsQqEKrcjg.mp3
530,Tracy Chapman,Fast Car,26.23,21.52,43.42,33.26,49.87,21.16,3.65,4.71,8.03,2M9ro2krNb7nr7HSprkEgo,tracks/2M9ro2krNb7nr7HSprkEgo.mp3
531,Leslie Clio,I Couldnt Care Less,20.27,5.38,1.62,11.04,24.27,39.38,19.81,8.69,0.0,7kX5DiuPwRlYwPAHoOHFOg,tracks/7kX5DiuPwRlYwPAHoOHFOg.mp3
532,Shakira,Hips Don't Lie,32.15,7.04,21.65,14.19,21.96,61.77,36.54,7.65,0.0,3ZFTkvIE7kyPt6Nu3PEa7V,tracks/3ZFTkvIE7kyPt6Nu3PEa7V.mp3
533,Atomic Kitten,Whole Again,24.56,8.7,32.11,21.19,10.96,35.11,7.37,3.44,2.3,16MJqq0vEuW6GRX6faetTm,tracks/16MJqq0vEuW6GRX6faetTm.mp3
534,Pink,Who Knew,18.96,13.31,41.77,15.88,13.54,36.19,35.27,2.54,15.73,2hns6Dv29Yrg68AVTJiAyA,tracks/2hns6Dv29Yrg68AVTJiAyA.mp3
535,Britney Spears,Baby One More Time,24.21,15.45,24.31,18.62,15.41,42.59,30.0,13.86,6.38,3MjUtNVVq3C8Fn0MP3zhXa,tracks/3MjUtNVVq3C8Fn0MP3zhXa.mp3
536,Carlos Santana,Smooth,20.46,1.32,9.93,14.68,9.0,52.64,27.25,7.75,0.0,0n2SEXB2qoRQg171q7XqeW,tracks/0n2SEXB2qoRQg171q7XqeW.mp3
537,Leon Bridges,River,26.86,17.5,27.14,30.0,37.64,14.79,5.64,3.43,3.82,3hhbDnFUb2bicI2df6VurK,tracks/3hhbDnFUb2bicI2df6VurK.mp3
538,The Beatles,Strawberry Fields Forever,24.41,16.03,32.0,38.76,38.24,9.79,3.62,9.83,3.41,3Am0IbOxmvlSXro7N5iSfZ,tracks/3Am0IbOxmvlSXro7N5iSfZ.mp3
539,Panic! at the Disco,Nine In The Afternoon,26.32,17.25,22.25,20.46,17.18,44.89,23.5,7.86,3.57,1S30kHvkkdMkcuCTGSgS41,tracks/1S30kHvkkdMkcuCTGSgS41.mp3
540,Arctic Monkeys,Fluorescent Adolescent,48.64,9.86,17.93,8.93,19.93,60.0,23.79,2.36,3.32,2x8evxqUlF0eRabbW2JBJd,tracks/2x8evxqUlF0eRabbW2JBJd.mp3
541,Puff Daddy,I'll Be Missing You,37.04,21.89,42.71,22.36,20.18,32.68,9.68,6.04,17.39,3QHONiXGMGU3z68mQInncF,tracks/3QHONiXGMGU3z68mQInncF.mp3
542,The Head And The Heart,Rivers And Roads,27.82,12.64,45.11,31.93,33.89,12.43,2.39,1.18,26.25,4fN0dQGDaV4Hg7Gd7mBOE0,tracks/4fN0dQGDaV4Hg7Gd7mBOE0.mp3
543,Ed Sheeran,Shape Of You,40.67,18.37,33.56,22.74,21.96,47.48,16.15,12.78,5.11,7qiZfU4dY1lWllzX7mPBI3,tracks/7qiZfU4dY1lWllzX7mPBI3.mp3
544,Black Eyed Peas,Just Can't Get Enough,10.37,14.22,20.48,15.19,20.85,29.0,8.0,4.48,1.0,3JA9Jsuxr4xgHXEawAdCp4,tracks/3JA9Jsuxr4xgHXEawAdCp4.mp3
545,Childish Gambino,Redbone,12.11,12.74,24.48,25.0,22.7,30.96,6.52,16.3,3.3,0wXuerDYiBnERgIpbb3JBR,tracks/0wXuerDYiBnERgIpbb3JBR.mp3
546,Johnny Cash,Hurt,20.11,14.59,35.89,16.26,26.7,7.15,8.44,6.33,32.67,28cnXtME493VX9NOw9cIUh,tracks/28cnXtME493VX9NOw9cIUh.mp3
547,Bruno Mars,Treasure,23.71,9.45,10.97,17.03,27.58,54.1,25.81,7.77,0.84,55h7vJchibLdUkxdlX3fK7,tracks/55h7vJchibLdUkxdlX3fK7.mp3
548,Stevie Wonder,I Wish,26.0,1.81,15.06,6.81,14.1,60.74,21.94,2.58,2.48,687YZan9Gol1UVvbpUSO6Y,tracks/687YZan9Gol1UVvbpUSO6Y.mp3
549,The Jackson 5,Who's Lovin You,30.68,14.84,37.32,32.1,37.35,24.84,7.97,0.0,7.19,6cZrsaNb4Zo9E5KHk7gcz5,tracks/6cZrsaNb4Zo9E5KHk7gcz5.mp3
550,Moby,Porcelain,23.23,15.26,29.45,20.19,33.19,17.74,5.55,1.23,0.0,1hEh8Hc9lBAFWUghHBsCel,tracks/1hEh8Hc9lBAFWUghHBsCel.mp3
551,Pharrell Williams,Happy,34.98,9.05,11.82,5.64,30.36,68.52,36.25,6.05,0.0,60nZcImufyMA1MKQY3dcCH,tracks/60nZcImufyMA1MKQY3dcCH.mp3
552,Spice Girls,Wannabe,23.18,1.89,21.43,5.82,25.02,71.11,38.55,9.0,0.0,1Je1IMUlBXcx1Fz0WE7oPT,tracks/1Je1IMUlBXcx1Fz0WE7oPT.mp3
553,Aretha Franklin,(You Make Me Feel Like) A Natural Woman,26.63,21.07,26.35,27.26,21.84,36.0,24.93,3.58,4.81,5K09WxKdlkroDyEVyOSySy,tracks/5K09WxKdlkroDyEVyOSySy.mp3
554,Nina Simone,Feeling Good,20.21,25.3,29.65,28.14,28.19,48.91,39.7,3.26,0.58,6Rqn2GFlmvmV4w9Ala0I1e,tracks/6Rqn2GFlmvmV4w9Ala0I1e.mp3
555,Whitney Houston,I Wanna Dance With Somebody,39.73,11.97,40.2,16.5,24.97,74.6,47.73,1.57,3.57,2tUBqZG2AbRi7Q0BIrVrEj,tracks/2tUBqZG2AbRi7Q0BIrVrEj.mp3
556,The Collapsable Hearts Club,Easy Streets,18.0,4.4,10.1,4.03,11.1,39.87,15.77,26.73,0.0,4NmWUWHsglLlJXvq1pGNsk,tracks/4NmWUWHsglLlJXvq1pGNsk.mp3
557,Gotye,Somebody That I Used To Know,24.0,19.27,43.03,20.07,28.57,40.93,12.33,4.13,18.03,6md4w95cnKaW64JyEQ3A0L,tracks/6md4w95cnKaW64JyEQ3A0L.mp3
558,Justin Bieber,Love Yourself,17.07,12.7,28.73,43.07,43.6,29.77,0.33,3.53,8.43,50kpGaPAhYJ3sGmk6vplg0,tracks/50kpGaPAhYJ3sGmk6vplg0.mp3
559,Theo Katzman,Hard Work,39.28,8.48,8.56,7.0,23.92,50.96,25.88,11.6,0.0,3gaQbhacVKwcsatM0FlSa9,tracks/3gaQbhacVKwcsatM0FlSa9.mp3
560,Katy Perry,Swish Swish,18.88,4.96,2.88,2.4,15.36,54.36,33.44,16.76,2.44,3OtMnyUaiipcAT23A8liyi,tracks/3OtMnyUaiipcAT23A8liyi.mp3
561,Bee Gees,Words,19.56,9.52,23.28,14.16,37.2,14.48,9.4,25.48,1.76,07PIhdmyYIw8dMeDMsx9FU,tracks/07PIhdmyYIw8dMeDMsx9FU.mp3
562,Sam Smith,Lay Me Down,30.64,28.28,39.48,43.12,40.12,4.0,0.0,0.0,34.84,74sb4Gib0cL3TQeCjYF8vh,tracks/74sb4Gib0cL3TQeCjYF8vh.mp3
563,David Guetta,Memories,9.55,4.79,14.45,2.97,5.59,54.9,23.14,16.17,0.0,5xYC48nOppVemY6U5GRGTb,tracks/5xYC48nOppVemY6U5GRGTb.mp3
564,Rihanna,Umbrella,34.48,10.59,34.45,10.86,10.48,45.76,15.0,9.76,5.14,49FYlytm3dAAraYgpoJZux,tracks/49FYlytm3dAAraYgpoJZux.mp3
565,Vanessa Carlton,A Thousand Miles,45.0,7.38,43.9,22.79,23.41,54.97,9.86,7.24,4.24,4w1lzcaoZ1IC2K5TwjalRP,tracks/4w1lzcaoZ1IC2K5TwjalRP.mp3
566,Carly Rae Jepsen,Call Me Maybe,29.86,2.0,39.27,6.92,15.08,67.57,28.84,12.92,0.0,20I6sIOMTCkB6w7ryavxtO,tracks/20I6sIOMTCkB6w7ryavxtO.mp3
567,Phil Collins,In The Air Tonight,27.11,19.11,53.41,21.51,32.86,25.84,17.92,9.51,12.08,2pE8dUPeueXKizEyiPtE1p,tracks/2pE8dUPeueXKizEyiPtE1p.mp3
568,Jeff Buckley,Hallelujah,44.57,37.11,53.38,43.92,47.86,8.35,3.38,0.84,28.05,3pRaLNL3b8x5uBOcsgvdqM,tracks/3pRaLNL3b8x5uBOcsgvdqM.mp3
569,Oli Brown,Speechless,10.43,3.46,15.08,11.05,20.76,46.03,19.81,10.86,3.54,6brUC8EwzQljB17IQpmxgW,tracks/6brUC8EwzQljB17IQpmxgW.mp3
570,Justin Timberlake,My Love,20.54,13.89,10.66,22.66,20.34,36.97,26.91,11.86,1.86,4NeOWqHmlrGRuBvsLJC9rL,tracks/4NeOWqHmlrGRuBvsLJC9rL.mp3
571,Taylor Swift,Look What You Made Me Do,15.6,12.2,4.86,11.03,6.0,39.49,38.46,15.97,0.0,1P17dC1amhFzptugyAO7Il,tracks/1P17dC1amhFzptugyAO7Il.mp3
572,Ellie Goulding,Burn,21.4,20.31,13.43,12.83,10.74,41.54,27.0,5.06,1.97,2GgxS8bUT5G25QJTsfSv0R,tracks/2GgxS8bUT5G25QJTsfSv0R.mp3
573,Oasis,All Around The World,23.83,16.34,33.6,18.49,31.63,30.54,8.14,4.4,4.83,6ZYgoD3c2aE4dD3yVFWV51,tracks/6ZYgoD3c2aE4dD3yVFWV51.mp3
574,Luis Fonsi,Despacito,25.12,12.04,19.79,26.58,6.58,56.83,26.54,10.17,0.0,6habFhsOp2NvshLv26DqMb,tracks/6habFhsOp2NvshLv26DqMb.mp3
575,Steely Dan,Do It Again,18.08,7.0,16.5,10.08,17.29,36.71,17.25,5.38,0.0,2BstRQGodshjGpeDGQiNgo,tracks/2BstRQGodshjGpeDGQiNgo.mp3
576,The Beach Boys,Good Vibrations,23.67,8.08,28.25,12.83,27.71,44.5,19.54,6.92,3.04,6aU6a9tdn2vHhnPGlboFZX,tracks/6aU6a9tdn2vHhnPGlboFZX.mp3
577,OutKast,Roses,16.09,0.0,8.09,6.83,20.7,42.26,18.74,11.61,0.0,6bUNEbXT7HovLW6BgPCBsb,tracks/6bUNEbXT7HovLW6BgPCBsb.mp3
578,Mac Demarco,Salad Days,13.92,7.92,14.88,16.71,36.29,8.75,4.12,14.08,8.62,5VdaMUzoQetwxQwtWAd022,tracks/5VdaMUzoQetwxQwtWAd022.mp3
579,Wrabel,The Village,32.13,22.43,19.48,28.57,32.43,19.43,8.65,6.04,21.83,6epvwUINain4iSHCTWA0sj,tracks/6epvwUINain4iSHCTWA0sj.mp3
580,Hey Judeschka!,ImmerwiederSommertag,19.12,11.46,20.04,28.04,48.5,13.79,0.83,1.46,12.04,0Us9gRoh9xyD6aPSo1SBIR,tracks/0Us9gRoh9xyD6aPSo1SBIR.mp3
581,Zara Larsson,Lush Life,29.6,4.4,19.9,0.75,12.55,55.4,20.85,5.95,0.0,1rIKgCH4H52lrvDcz50hS8,tracks/1rIKgCH4H52lrvDcz50hS8.mp3
582,Backstreet Boys,Everybody,33.14,4.33,40.43,0.0,5.24,54.71,35.38,9.0,0.0,1di1BEgJYzPvXUuinsYJGP,tracks/1di1BEgJYzPvXUuinsYJGP.mp3
583,Chain Smokers,Paris,28.3,6.75,33.95,23.4,30.0,26.55,12.25,6.0,1.2,15vzANxN8G9wWfwAJLLMCg,tracks/15vzANxN8G9wWfwAJLLMCg.mp3
584,Imogen Heap,Hide and Seek,15.24,12.33,23.57,5.9,21.71,5.0,6.67,13.86,19.67,7mMlbJlXXo2mRtQ4R9sIzD,tracks/7mMlbJlXXo2mRtQ4R9sIzD.mp3
585,Kings of Leon,Sex On Fire,18.79,17.71,26.12,17.29,12.71,55.53,35.68,2.62,3.03,0ntQJM78wzOLVeCUAW7Y45,tracks/0ntQJM78wzOLVeCUAW7Y45.mp3
586,M.I.A.,Paper Planes,14.59,7.56,14.12,0.85,6.59,45.65,22.94,18.94,0.0,4YOH3cBrhf4F6T4iYFUdz5,tracks/4YOH3cBrhf4F6T4iYFUdz5.mp3
587,Of Monsters and Men,Empire,22.85,18.74,17.26,28.65,28.79,24.06,17.62,4.53,5.24,4M9lfUgDeLHu1fL2ZxZSlu,tracks/4M9lfUgDeLHu1fL2ZxZSlu.mp3
588,Backstreet Boys,I Want It That Way,16.03,4.12,51.09,8.38,23.03,58.35,11.79,2.59,2.38,47BBI51FKFwOMlIiX6m8ya,tracks/47BBI51FKFwOMlIiX6m8ya.mp3
589,Namika,Lieblingsmensch,22.65,11.53,17.74,16.51,24.56,36.33,8.91,7.42,0.0,6oHDvarQSp0mf5AD1SyNH0,tracks/6oHDvarQSp0mf5AD1SyNH0.mp3
590,Marvin Gaye,Lets Get It On,22.63,2.56,23.35,45.35,28.63,38.35,6.81,1.86,0.0,39l1UORIhuHvUWfxG53tRZ,tracks/39l1UORIhuHvUWfxG53tRZ.mp3
591,Owl City,Fireflies,32.93,8.53,32.81,10.21,26.67,36.4,14.05,2.98,1.49,3DamFFqW32WihKkTVlwTYQ,tracks/3DamFFqW32WihKkTVlwTYQ.mp3
592,Babybird,If You'll Be Mine,22.12,6.49,20.19,26.77,30.84,18.56,9.12,6.53,4.74,5EMnZ3vruQchFxvGTxr0zH,tracks/5EMnZ3vruQchFxvGTxr0zH.mp3
593,Gnarls Barkley,Crazy,25.7,17.09,16.88,8.7,30.79,51.73,27.15,12.06,1.18,1vxw6aYJls2oq3gW0DujAo,tracks/1vxw6aYJls2oq3gW0DujAo.mp3
594,Lily Allen,Fuck You,24.44,1.34,19.81,2.91,26.47,56.28,34.56,12.56,0.0,6ylAVPbjRQoNY0khgh63Jf,tracks/6ylAVPbjRQoNY0khgh63Jf.mp3
595,Pitbull,Better On Me,11.91,9.68,13.21,19.88,28.62,42.97,18.44,14.76,2.62,0vLlEo1D4VRiGzMLxLbsh2,tracks/0vLlEo1D4VRiGzMLxLbsh2.mp3
596,Beyonce,Halo,27.94,22.91,30.36,17.55,20.0,25.3,32.94,12.52,13.15,2MfOcbtgz2yTsiznFmVZUN,tracks/2MfOcbtgz2yTsiznFmVZUN.mp3
597,Elle King,Ex's &Oh's,31.96,19.12,21.96,8.5,13.5,66.42,59.15,9.65,0.0,70eDxAyAraNTiD6lx2ZEnH,tracks/70eDxAyAraNTiD6lx2ZEnH.mp3
598,B.O.B.,Nothing On You,38.81,16.42,29.12,25.12,23.85,38.35,19.54,4.62,0.5,4X5xWMINgGA6l0GoyYkMcr,tracks/4X5xWMINgGA6l0GoyYkMcr.mp3
599,Five for fighting,Easy Tonight,13.08,22.12,35.46,24.0,26.5,27.27,13.08,9.88,5.38,57PHqrPsX6E7OX9LeKSo9Q,tracks/57PHqrPsX6E7OX9LeKSo9Q.mp3
600,Avril Lavigne,Complicated,15.81,21.15,59.96,12.85,20.81,43.19,29.88,5.73,10.35,5xEM5hIgJ1jjgcEBfpkt2F,tracks/5xEM5hIgJ1jjgcEBfpkt2F.mp3
601,Miley Cyrus,Party In The U.S.A,36.5,9.54,22.75,6.21,21.25,61.18,32.36,9.86,1.57,3E7dfMvvCLUddWissuqMwr,tracks/3E7dfMvvCLUddWissuqMwr.mp3
602,The Beach Boys,Wouldn't It Be Nice,44.14,15.14,42.96,14.5,26.89,59.71,18.61,4.79,0.0,6VojZJpMyuKClbwyilWlQj,tracks/6VojZJpMyuKClbwyilWlQj.mp3
603,Kodaline,High Hopes,29.0,14.62,45.38,30.92,31.85,8.65,3.46,3.85,28.42,6KkyuDhrEhR5nJVKtv9mCf,tracks/6KkyuDhrEhR5nJVKtv9mCf.mp3
604,Dido,White Flag,10.38,20.31,40.04,30.42,41.5,18.81,3.77,8.69,8.27,6si71supnBUhddjR2FJc2L,tracks/6si71supnBUhddjR2FJc2L.mp3
605,Bon Jovi,Livin On A Prayer,27.07,15.2,24.33,6.93,9.0,51.43,47.3,8.9,0.0,37ZJ0p5Jm13JPevGcx4SkF,tracks/37ZJ0p5Jm13JPevGcx4SkF.mp3
606,Amy Macdonald,Mr Rock & Roll,18.8,3.73,26.83,18.47,18.47,41.5,9.0,5.2,4.27,6aX2LyT7zpTLe3iZfDeHki,tracks/6aX2LyT7zpTLe3iZfDeHki.mp3
607,Alicia Keys,If I Ain't Got You,25.4,20.33,36.03,54.23,41.03,17.47,13.87,10.57,8.87,3XVBdLihbNbxUwZosxcGuJ,tracks/3XVBdLihbNbxUwZosxcGuJ.mp3
608,Daniel Powter,Bad Day,25.67,8.3,42.43,35.97,31.03,39.0,12.97,0.8,6.83,0mUyMawtxj1CJ76kn9gIZK,tracks/0mUyMawtxj1CJ76kn9gIZK.mp3
609,Tal Bachman,Shes So High,33.36,6.58,28.06,13.25,12.25,49.19,14.14,1.44,3.31,7mnGQesk1TzQLzQ9bYWZPR,tracks/7mnGQesk1TzQLzQ9bYWZPR.mp3
610,Rihanna,Work,13.76,2.05,6.78,8.65,11.95,33.62,16.38,12.62,0.0,72TFWvU3wUYdUuxejTTIzt,tracks/72TFWvU3wUYdUuxejTTIzt.mp3
611,David Gray,Please Forgive me,17.65,12.08,15.81,6.86,20.92,18.97,6.59,9.57,0.0,2H0oiflYrs8PPjOxZ5TdIu,tracks/2H0oiflYrs8PPjOxZ5TdIu.mp3
612,Paramore,The Only Exception,14.89,9.27,29.3,17.14,25.97,16.68,5.41,4.62,13.19,3ZHfX6kbiY7JVsB63lLOLu,tracks/3ZHfX6kbiY7JVsB63lLOLu.mp3
613,Imogen Heap,Goodnight And Go,14.88,7.04,8.4,17.4,17.24,22.08,5.28,14.4,0.0,0vfWzo75MKGYiQSiT5jEzt,tracks/0vfWzo75MKGYiQSiT5jEzt.mp3
614,Arctic Monkeys,Do I Wanna Know,27.44,25.72,27.24,8.08,18.72,26.04,23.2,5.8,2.0,5FVd6KXrgO9B3JPmC8OPst,tracks/5FVd6KXrgO9B3JPmC8OPst.mp3
615,Neil Diamond,I Am....I Said,16.0,2.88,15.88,11.0,14.64,14.4,10.68,2.56,4.56,67nKQBktGIafE3DBW3Cbe4,tracks/67nKQBktGIafE3DBW3Cbe4.mp3
616,Angus and Julia Stone,Big Jet Plane,16.48,10.24,24.8,22.04,31.16,13.72,3.24,3.12,8.72,3HedB2EwVAj5MAx8xFE1ea,tracks/3HedB2EwVAj5MAx8xFE1ea.mp3
617,George Ezra,Budapest,36.81,17.76,23.86,15.05,38.43,45.52,9.29,10.1,5.81,2ixsaeFioXJmMgkkbd4uj1,tracks/2ixsaeFioXJmMgkkbd4uj1.mp3
618,Marvin Gaye,Sexual Healing,25.4,10.1,13.9,35.65,25.05,38.15,19.7,12.65,2.6,3VZmChrnVW8JK6ano4gSED,tracks/3VZmChrnVW8JK6ano4gSED.mp3
619,The Kooks,Naive,27.2,20.35,39.3,18.25,30.3,42.45,19.25,3.55,0.0,7BHPGtpuuWWsvE7cCaMuEU,tracks/7BHPGtpuuWWsvE7cCaMuEU.mp3
620,Frank Ocean,Thinkin Bout You,16.71,5.95,21.52,17.1,24.95,19.43,0.0,18.95,7.33,5mphdlILgAq3vh1MSvAJTS,tracks/5mphdlILgAq3vh1MSvAJTS.mp3
621,Genesis,I Can't Dance,4.39,7.3,10.26,2.65,10.09,32.61,22.48,10.35,0.0,6AvvAzzOEUs9orFhDkOPOl,tracks/6AvvAzzOEUs9orFhDkOPOl.mp3
622,Black Eyed Peas,I Gotta Feeling,37.52,9.96,31.26,3.39,9.09,69.78,45.74,14.3,0.0,4kLLWz7srcuLKA7Et40PQR,tracks/4kLLWz7srcuLKA7Et40PQR.mp3
623,Shakira,Underneath your clothes,14.04,7.09,27.48,26.65,33.7,19.22,2.43,2.04,5.22,15f8Cv8RXUlOOCIf2oaceN,tracks/15f8Cv8RXUlOOCIf2oaceN.mp3
624,James Morrison,I Won't Let You Go,12.17,7.39,23.39,29.26,27.48,15.91,3.22,4.61,8.09,2TUzU4IkfH8kcvY2MUlsd2,tracks/2TUzU4IkfH8kcvY2MUlsd2.mp3
625,Lianne La Havas,What You Don't Do,21.63,9.07,3.3,16.67,14.59,34.7,16.56,9.48,0.0,4mityPmJpqtHea3y9qZLg6,tracks/4mityPmJpqtHea3y9qZLg6.mp3
626,Maggie reilly,Everytime We Touch,14.07,3.3,23.85,24.0,23.59,20.11,10.33,11.78,3.33,2n9Ni9TFPcNHCdoPOQKXZ6,tracks/2n9Ni9TFPcNHCdoPOQKXZ6.mp3
627,Akon,Lonely,23.11,3.67,36.19,17.78,20.0,27.15,3.33,2.96,22.15,4v7DCN09hgXkKazefkznDQ,tracks/4v7DCN09hgXkKazefkznDQ.mp3
628,Tame Impala,The Less I Know The Better,25.44,8.97,31.94,19.78,41.56,29.72,9.53,5.47,2.62,6K4t31amVTZDgR3sKmwUJJ,tracks/6K4t31amVTZDgR3sKmwUJJ.mp3
629,Bag Raiders,Shooting Stars,32.32,10.06,24.19,11.48,28.29,52.77,16.19,12.32,0.32,0UeYCHOETPfai02uskjJ3x,tracks/0UeYCHOETPfai02uskjJ3x.mp3
630,Gary Jules,Mad World,24.82,15.06,58.39,15.06,26.61,3.7,1.64,6.45,41.3,3JOVTQ5h8HGFnDdp4VT3MP,tracks/3JOVTQ5h8HGFnDdp4VT3MP.mp3
631,Mark Ronson,Uptown Funk,32.9,9.97,11.42,2.81,28.48,72.29,50.97,9.87,0.0,32OlwWuMpZ6b0aN2RZOeMS,tracks/32OlwWuMpZ6b0aN2RZOeMS.mp3
632,The Beatles,Let It Be,32.23,25.1,56.39,36.48,51.0,22.52,10.84,1.65,9.13,7iN1s7xHE4ifF5povM6A48,tracks/7iN1s7xHE4ifF5povM6A48.mp3
633,Eric Clapton,Tears In Heaven,35.52,29.35,59.1,37.65,41.94,6.61,4.9,2.1,27.1,7utRJ4BeYx85khzP3lKoBX,tracks/7utRJ4BeYx85khzP3lKoBX.mp3
634,Lola Marsh,Wishing Girl,16.33,17.3,9.78,14.22,25.63,21.26,6.89,9.22,0.52,2iawlVRHk4Q9aPg0OgG20D,tracks/2iawlVRHk4Q9aPg0OgG20D.mp3
635,Bilderbuch,Maschin,13.0,4.52,7.96,4.07,16.3,29.26,17.85,18.04,0.0,2Lg1njXKvhgv72U9QkrwXi,tracks/2Lg1njXKvhgv72U9QkrwXi.mp3
636,Fletwood Mac,Dreams,20.56,16.63,34.96,28.07,35.89,23.96,5.41,2.85,2.04,0ofHAoxe9vBkTCp2UQIavz,tracks/0ofHAoxe9vBkTCp2UQIavz.mp3
637,Oasis,Don't Look Back In Anger,17.0,12.89,48.59,22.96,23.0,29.63,6.96,10.04,13.96,7ppPZa3TRUSGKaks9wH7VT,tracks/7ppPZa3TRUSGKaks9wH7VT.mp3
638,Der Junge mit der Gitarre,Hallo Worum Gehts Ich Bin Dagegen,18.17,14.07,0.0,0.0,6.86,42.9,23.76,14.86,2.0,2v9P6UeIJkWBz2NnvGvZIr,tracks/2v9P6UeIJkWBz2NnvGvZIr.mp3
639,Chris Brown,Forever,28.76,3.07,16.21,16.79,9.14,39.66,18.76,15.03,0.0,3NZJlJemX3mzjf56MqC5ML,tracks/3NZJlJemX3mzjf56MqC5ML.mp3
640,Ryan Adams,Lucky Now,23.24,16.07,20.97,27.55,45.17,25.69,7.1,15.1,5.03,4roEQeLnZ0d96fDnRdXXW6,tracks/4roEQeLnZ0d96fDnRdXXW6.mp3
641,Amy Winehouse,Back To Black,28.72,19.03,46.38,28.79,27.31,27.14,17.24,2.76,7.41,3FAclTFfvUuQYnEsptbK8w,tracks/3FAclTFfvUuQYnEsptbK8w.mp3
642,VersaEmerge,Mind Reader,11.44,13.94,16.62,8.38,2.69,19.75,40.31,25.0,10.94,2b9ge09fnhEVVmkS8BjqRu,tracks/2b9ge09fnhEVVmkS8BjqRu.mp3
643,East 17,it's alright - the guvnor mix,4.82,10.12,4.88,1.35,1.41,36.53,14.06,17.35,0.41,0hiUOCWNdPefjaEAjcJ8Cq,tracks/0hiUOCWNdPefjaEAjcJ8Cq.mp3
644,Madonna,Intervention,17.47,27.32,18.21,16.58,13.74,36.84,31.16,14.79,8.05,7BxLHR4ApH0n4rx10KAWOo,tracks/7BxLHR4ApH0n4rx10KAWOo.mp3
645,Nina Simone,I Want a Little Sugar in My Bowl,29.19,15.94,35.69,35.38,48.31,17.31,14.81,1.81,28.75,3NcJu9876GBJuNU6vJOrbb,tracks/3NcJu9876GBJuNU6vJOrbb.mp3
646,Draconian,"Death, Come Near Me",10.0,26.25,12.56,18.12,11.5,1.25,14.25,28.19,37.31,0xaf0rzKil2j5Yd2Fiz9SL,tracks/0xaf0rzKil2j5Yd2Fiz9SL.mp3
647,Tony Bennett,Rags to Riches,28.08,10.85,31.23,26.69,24.54,26.46,12.0,9.77,12.85,4BH8EuPAxeFAh1rSWtnGdD,tracks/4BH8EuPAxeFAh1rSWtnGdD.mp3
648,Noah and the Whale,Tonight's The Kind Of Night,22.63,17.84,23.89,21.21,15.84,34.58,24.74,11.79,7.95,1UFnmge9gtAcrWICSptE9e,tracks/1UFnmge9gtAcrWICSptE9e.mp3
649,Kelly Clarkson,Breakaway,24.38,23.88,45.42,28.5,37.83,18.46,22.0,7.21,16.58,3xrn9i8zhNZsTtcoWgQEAd,tracks/3xrn9i8zhNZsTtcoWgQEAd.mp3
650,Infected Mushroom,Here We Go Go Go,17.0,29.5,8.0,1.86,5.86,43.71,50.71,22.36,0.5,5wTudWQXd6Sjy6nH22fsYv,tracks/5wTudWQXd6Sjy6nH22fsYv.mp3
651,The Moody Blues,Melancholy Man,21.8,25.0,21.0,13.4,20.33,23.73,41.33,18.93,8.07,1NeQzAqahRYI09bgLbhVFN,tracks/1NeQzAqahRYI09bgLbhVFN.mp3
652,Britney Spears,"I'm Not a Girl, Not Yet a Woman",48.0,31.15,45.15,45.31,30.69,41.54,38.38,7.77,19.31,1xg1yGPy1Y3YUf44s6TB1o,tracks/1xg1yGPy1Y3YUf44s6TB1o.mp3
653,Maria Bethânia,Olhos Nos Olhos,28.88,12.75,20.62,46.19,47.12,14.62,8.5,5.75,23.12,1UBJvypv5W1GNoplpc2EYl,tracks/1UBJvypv5W1GNoplpc2EYl.mp3
654,Daft Punk,Give Life Back to Music,12.27,7.33,15.73,0.67,16.47,49.07,24.67,7.53,0.87,0dEIca2nhcxDUV8C5QkPYb,tracks/0dEIca2nhcxDUV8C5QkPYb.mp3
655,Boys Like Girls,Leaving California,25.5,17.75,23.33,43.25,41.5,11.75,14.92,2.92,38.08,0Vm3wrODAsNdUvCcy15aZT,tracks/0Vm3wrODAsNdUvCcy15aZT.mp3
656,Phil Collins,Two Hearts,14.62,6.54,32.23,30.08,15.31,46.77,19.0,1.69,1.38,0vDSWxRlWN0LWsSQdGIPuE,tracks/0vDSWxRlWN0LWsSQdGIPuE.mp3
657,Mayday Parade,Your Song,12.64,17.36,27.27,10.36,9.82,25.36,39.18,33.64,28.82,7va0FN5Fim1dNPi06sqxVx,tracks/7va0FN5Fim1dNPi06sqxVx.mp3
658,Fall Out Boy,Get Busy Living or Get Busy Dying (Do Your Part to Save the Scene and Stop Going to Shows),15.17,22.5,1.33,8.0,1.17,37.5,36.17,18.0,1.17,4903HFfvLIQ8ujvQ0ARNGI,tracks/4903HFfvLIQ8ujvQ0ARNGI.mp3
659,Krewella,Marching On,22.5,13.59,15.27,21.14,16.14,27.68,27.55,12.82,15.32,5LVj9daVd1q6fjICKyvl7Y,tracks/5LVj9daVd1q6fjICKyvl7Y.mp3
660,Alice Dj,Better Off Alone,28.9,26.4,42.8,17.1,16.8,61.0,50.25,11.55,5.25,0pMUR7Uvp6vxlbG0qBFvgM,tracks/0pMUR7Uvp6vxlbG0qBFvgM.mp3
661,Metronomy,I'm Aquarius,11.05,10.62,8.29,10.24,17.9,17.29,5.67,13.81,2.48,3xEJ59GyjCjcJ69RQc2ej6,tracks/3xEJ59GyjCjcJ69RQc2ej6.mp3
662,Tim Maia,Pecado Capital,19.36,8.0,20.18,9.82,9.82,33.91,21.09,7.0,2.73,55g9c7lad0VCcg1PEdJaHl,tracks/55g9c7lad0VCcg1PEdJaHl.mp3
663,ATB,Desperate Religion,23.92,23.77,21.62,20.0,34.15,20.77,24.69,20.38,11.62,5BZ0weLeQoPuVLROuXb0sV,tracks/5BZ0weLeQoPuVLROuXb0sV.mp3
664,Beverley Knight,Hurricane Jane,24.78,21.22,45.78,35.89,40.0,24.22,24.67,0.67,2.67,4zcSLDrG6E0GkysBuh2fD3,tracks/4zcSLDrG6E0GkysBuh2fD3.mp3
665,Alex Clare,Too Close,28.17,25.92,39.83,20.92,22.92,49.08,44.25,12.0,14.58,4sK96UnGx3NjBaqvfTG2dm,tracks/4sK96UnGx3NjBaqvfTG2dm.mp3
666,Yoav,Club Thing,5.44,15.94,12.5,19.69,21.75,18.88,21.44,19.19,5.5,7LDqph6mv9A5uzlzuXfhyL,tracks/7LDqph6mv9A5uzlzuXfhyL.mp3
667,Sly & The Family Stone,Everyday People,20.0,11.89,47.78,31.67,34.33,49.22,32.78,14.56,7.89,7lL2lMWNtzOcf5HnEudNgn,tracks/7lL2lMWNtzOcf5HnEudNgn.mp3
668,Toquinho,Garota de Ipanema,13.54,6.92,28.31,14.54,27.69,34.0,9.92,9.38,0.54,0KtpvAIKMUD4wSsHv25IMn,tracks/0KtpvAIKMUD4wSsHv25IMn.mp3
669,Tony Toni Toné,Feels Good,13.0,8.0,33.85,12.62,13.15,39.85,27.85,12.62,0.54,4cRR2gUTOerkUOW5iZpm91,tracks/4cRR2gUTOerkUOW5iZpm91.mp3
670,London Grammar,Hey Now (Arty Remix),35.31,32.06,26.88,24.75,39.12,23.25,21.69,11.06,25.88,1CUYpY3GpRNkKnn3cEQ2nK,tracks/1CUYpY3GpRNkKnn3cEQ2nK.mp3
671,Sara Gazarek,Yours,4.57,0.0,24.29,54.14,59.86,23.0,2.14,0.0,5.71,3STjN5FAkJiljtZzrSeE0I,tracks/3STjN5FAkJiljtZzrSeE0I.mp3
672,Karrin Allyson,Moanin',22.57,17.0,28.64,17.0,40.64,42.86,11.86,8.0,5.0,2FcKhzTwtj5wKdri7bXBMK,tracks/2FcKhzTwtj5wKdri7bXBMK.mp3
673,Astrud Gilberto,And Roses And Roses,26.31,21.94,38.94,38.38,50.06,17.56,4.75,11.19,25.12,0BEn0rwSyzuvhKgZ7GLbyO,tracks/0BEn0rwSyzuvhKgZ7GLbyO.mp3
674,Paul Davis,Cool Night,25.75,21.83,39.08,37.33,36.58,17.25,20.92,1.58,9.25,29KyVqHekckVGfxHn8QS7m,tracks/29KyVqHekckVGfxHn8QS7m.mp3
675,Steely Dan,Blues Beach,18.29,15.0,20.86,24.86,14.21,39.57,19.21,6.86,3.0,1RHIgJN4USj9Buggihf2Pn,tracks/1RHIgJN4USj9Buggihf2Pn.mp3
676,Billie Holiday,The Man I Love,19.25,21.58,33.5,31.67,49.58,6.33,4.5,14.75,16.83,0ndEbK6LnERIPBG6t4gXDX,tracks/0ndEbK6LnERIPBG6t4gXDX.mp3
677,James Blake,Timeless,6.36,7.64,2.71,2.14,5.21,7.71,23.5,49.43,2.21,49jxn2Mdde8QZUx0AlbD0l,tracks/49jxn2Mdde8QZUx0AlbD0l.mp3
678,Eliane Elias,Time Alone,15.08,13.0,22.85,37.92,51.62,7.31,4.0,3.69,17.69,1hYd1uyB9HQpf4icjtBQoB,tracks/1hYd1uyB9HQpf4icjtBQoB.mp3
679,Lykke Li,"I'm Good, I'm Gone",8.71,5.57,15.57,5.07,15.71,36.36,19.86,5.79,5.43,2GjycBB2VHP4NSIzUrJkrE,tracks/2GjycBB2VHP4NSIzUrJkrE.mp3
681,Santigold,Disparate Youth,24.29,21.29,28.5,16.71,20.57,35.5,34.07,18.57,6.29,0t2QiRkpag0fAgs9zuCPlH,tracks/0t2QiRkpag0fAgs9zuCPlH.mp3
682,Maysa,Dindi,32.23,24.54,28.54,44.69,45.31,16.54,13.54,2.08,28.08,6cc51rDYn6G9lahsZk3Fsh,tracks/6cc51rDYn6G9lahsZk3Fsh.mp3
683,Girls Aloud,I'll Stand by You,38.31,33.81,57.12,52.44,39.06,27.44,39.44,11.88,28.94,5AEAf1PGC0B6Z1iVE1j8oY,tracks/5AEAf1PGC0B6Z1iVE1j8oY.mp3
684,Marina and the Diamonds,Gold,25.12,10.12,15.44,27.62,21.62,31.75,11.44,3.44,6.75,31cL2Hdc40Rck0wH1sDEja,tracks/31cL2Hdc40Rck0wH1sDEja.mp3
685,2NE1,In the Club,23.82,11.09,8.82,19.73,8.45,17.09,28.09,13.91,11.82,6ZkNt6fWIMoqznNe5RRwRT,tracks/6ZkNt6fWIMoqznNe5RRwRT.mp3
686,The Starting Line,The Best of Me,5.81,12.56,23.06,6.12,3.0,34.12,34.88,14.38,8.31,1Up4RdOBpChNDytatxKDXP,tracks/1Up4RdOBpChNDytatxKDXP.mp3
687,Suede,The Power,21.11,15.56,25.78,7.94,18.67,12.44,9.0,9.44,12.72,4fwpiQo9zk7AMd3jK4cxmU,tracks/4fwpiQo9zk7AMd3jK4cxmU.mp3
688,Bruno Mars,Treasure,23.17,11.83,28.39,20.94,10.61,67.33,42.5,12.44,0.17,55h7vJchibLdUkxdlX3fK7,tracks/55h7vJchibLdUkxdlX3fK7.mp3
689,Teena Marie,365,21.8,15.67,23.47,32.33,23.47,45.93,29.0,9.87,2.13,7w7OoMSngihtJTSbG8HLWV,tracks/7w7OoMSngihtJTSbG8HLWV.mp3
690,"Earth, Wind & Fire",Let's Groove,38.75,25.56,50.44,37.75,28.88,70.56,41.88,8.56,4.31,3koCCeSaVUyrRo3N2gHrd8,tracks/3koCCeSaVUyrRo3N2gHrd8.mp3
691,Diana Krall,Walk On By,30.69,13.19,27.0,21.31,45.5,36.12,22.38,8.88,3.62,4jZRI1v2LLaDTshDW9qruu,tracks/4jZRI1v2LLaDTshDW9qruu.mp3
692,Gnarls Barkley,Just a Thought,19.54,15.38,21.23,12.0,13.38,14.92,19.54,32.08,32.0,5xNUIReo5O6W1LRp2OKJty,tracks/5xNUIReo5O6W1LRp2OKJty.mp3
693,Céu,Mais um Lamento,16.82,14.94,16.0,13.59,25.71,17.65,7.18,12.82,7.47,7Ms8NNySNGSNtjYtdBqrMD,tracks/7Ms8NNySNGSNtjYtdBqrMD.mp3
694,James Blake,Overgrown,10.57,13.14,17.29,16.29,32.36,6.57,6.71,15.36,23.93,2IqjKEBiz0CdLKdkXhxw84,tracks/2IqjKEBiz0CdLKdkXhxw84.mp3
696,Lasgo,Blue,22.08,31.69,25.46,13.31,17.31,38.15,41.62,25.31,8.38,1U9FOQOkDsnwlz3SXBCPcg,tracks/1U9FOQOkDsnwlz3SXBCPcg.mp3
697,Laura Pausini,Jenny,21.16,18.32,19.11,30.95,25.84,13.21,9.95,3.21,20.05,51ulZ6HIucARLOODM8smpU,tracks/51ulZ6HIucARLOODM8smpU.mp3
698,Nina Simone,Sinnerman,21.64,18.07,8.0,11.5,15.93,35.57,22.43,26.07,2.0,5xRP5iyVdGglqlY4Vcjhkx,tracks/5xRP5iyVdGglqlY4Vcjhkx.mp3
699,ABBA,Lay All Your Love on Me,17.3,32.9,45.5,31.7,10.2,57.9,53.0,22.4,16.6,2245x0g1ft0HC7sf79zbYN,tracks/2245x0g1ft0HC7sf79zbYN.mp3
700,Katatonia,Last Resort,5.75,10.92,29.67,2.42,7.75,17.0,22.33,39.17,24.83,2gtu8xsu1VGahuRJ2YZAHA,tracks/2gtu8xsu1VGahuRJ2YZAHA.mp3
701,Christopher Cross,Ride Like the Wind,10.09,7.91,22.36,4.36,16.45,27.82,14.36,7.45,1.55,7gUMShP1l20tC0xf17Zplk,tracks/7gUMShP1l20tC0xf17Zplk.mp3
702,Beyoncé,Blow Remix,9.33,12.56,19.11,28.5,21.33,44.83,32.83,10.89,2.61,0GjDYSp1bNyjggwPadwlyf,tracks/0GjDYSp1bNyjggwPadwlyf.mp3
703,Camila,Mientes,23.89,7.32,16.26,41.84,29.53,16.47,7.16,4.0,8.89,5EhzE6HJaCcLFrf5rPqvpk,tracks/5EhzE6HJaCcLFrf5rPqvpk.mp3
704,Billie Holiday,Strange Fruit,23.0,16.89,43.83,40.0,44.28,6.89,8.22,12.17,40.22,1CTex49P0iWwzUGsMNjgaV,tracks/1CTex49P0iWwzUGsMNjgaV.mp3
705,Alesso,Sweet Escape,24.83,32.5,16.5,11.33,12.17,51.25,46.83,19.0,2.75,6vPJvkEuWZPcv58NnQ3dBR,tracks/6vPJvkEuWZPcv58NnQ3dBR.mp3
706,Louis Prima,Buona Sera,18.93,7.27,28.73,20.87,17.0,42.8,22.87,10.33,0.87,0DXm5n7SBxCED9ssTvrx2J,tracks/0DXm5n7SBxCED9ssTvrx2J.mp3
707,Santigold,The Keepers,13.95,16.0,19.42,6.79,9.47,26.11,25.37,9.16,10.37,1BaVwEV5FogbZuCzpSc7Jl,tracks/1BaVwEV5FogbZuCzpSc7Jl.mp3
708,Ella Fitzgerald,All of Me,13.8,7.67,33.53,15.0,9.6,49.07,16.0,6.0,0.33,0qZo9OzKPzg58Ts9ad4Bcy,tracks/0qZo9OzKPzg58Ts9ad4Bcy.mp3
709,Knife Party,Centipede,7.92,8.08,8.92,0.38,0.23,25.08,25.69,46.46,1.54,0u2AIKDVafHwCFQ9LDnqxH,tracks/0u2AIKDVafHwCFQ9LDnqxH.mp3
710,Kelly Clarkson,Love So Soft,9.45,5.64,10.09,21.64,2.27,54.09,42.45,20.36,2.45,16QN8cBubEq706vNtPpOME,tracks/16QN8cBubEq706vNtPpOME.mp3
711,Madonna,He's a Man,3.69,7.25,10.19,12.94,15.44,10.0,17.81,10.56,8.12,4714JHYV5kiMKsuo8eP41E,tracks/4714JHYV5kiMKsuo8eP41E.mp3
712,Fugees,Killing Me Softly with His Song,18.64,27.71,35.43,40.86,41.21,17.93,20.0,3.93,13.14,0Q0IVlqMV64kNLlwjPj0Hl,tracks/0Q0IVlqMV64kNLlwjPj0Hl.mp3
713,Cheryl Lynn,Got To Be Real,16.56,12.33,29.22,9.22,7.94,32.28,22.89,20.56,1.22,58r4JuwHhXLAkttkaUZfLw,tracks/58r4JuwHhXLAkttkaUZfLw.mp3
714,Louis Armstrong,Mood Indigo,27.33,19.42,42.58,29.25,42.5,17.83,5.5,5.0,16.58,1Fo98RNzO78WnMtkZKZXMW,tracks/1Fo98RNzO78WnMtkZKZXMW.mp3
715,Ledisi,Alright,13.18,16.0,11.36,3.73,26.91,37.91,15.27,25.36,2.0,1wRQqmZwiF4thdQ8N7FiNv,tracks/1wRQqmZwiF4thdQ8N7FiNv.mp3
716,Kandi,Don't Think I'm Not,5.0,2.5,21.9,23.0,10.3,28.3,17.3,5.7,9.3,487Dyzs7Xbbk4hIWYyYT80,tracks/487Dyzs7Xbbk4hIWYyYT80.mp3
717,Feed Me,One Click Headshot,7.67,6.22,17.0,5.89,9.67,28.11,20.33,21.56,0.78,4z7t5KsfkxMC1PdOLgog4V,tracks/4z7t5KsfkxMC1PdOLgog4V.mp3
718,Lana Del Rey,Video Games,41.86,42.29,55.86,52.36,36.79,11.57,34.21,8.86,31.86,24jvD83UgLmrdGjhWTFslY,tracks/24jvD83UgLmrdGjhWTFslY.mp3
719,Imogen Heap,Loose Ends,5.14,5.57,12.0,18.71,4.0,32.14,21.43,21.43,8.0,48Z9C1l1LfgpPxuQpfW2n6,tracks/48Z9C1l1LfgpPxuQpfW2n6.mp3
720,Swing Out Sister,You On My Mind,0.0,11.5,9.62,11.5,19.75,25.12,8.5,10.38,2.62,4uYeKlfkLQMubZ9FhcbDfP,tracks/4uYeKlfkLQMubZ9FhcbDfP.mp3
721,Burial,Broken Home,6.0,11.92,11.31,0.0,9.46,2.62,8.08,35.77,3.23,69P4h7GB5xQlIU6v1Qv7GN,tracks/69P4h7GB5xQlIU6v1Qv7GN.mp3
722,Doris Day,Dream a Little Dream of Me,25.0,11.54,62.69,62.38,58.38,13.62,6.38,3.0,20.23,2HyPrPSANTIPkR6CfiytwY,tracks/2HyPrPSANTIPkR6CfiytwY.mp3
723,Geri Halliwell,Love Never Loved Me,22.1,17.2,10.9,27.4,8.5,41.2,34.8,4.4,5.2,2s7DRQ5KxfMd4p53VH0viU,tracks/2s7DRQ5KxfMd4p53VH0viU.mp3
724,Legião Urbana,Meninos E Meninas,13.69,20.08,26.38,13.46,6.92,31.54,22.31,15.69,3.23,22LN0RwHqTUJcIN4dzzB6N,tracks/22LN0RwHqTUJcIN4dzzB6N.mp3
725,Kylie Minogue,Did It Again,13.12,11.65,25.29,13.18,17.12,33.65,14.71,9.18,4.76,06N6MhUlurBOamI1rK9u2U,tracks/06N6MhUlurBOamI1rK9u2U.mp3
726,Ladyhawke,My Delirium,14.36,7.29,25.07,12.07,13.64,47.07,48.14,7.79,7.64,3vqSWOEMO4OOxa2QJHuitI,tracks/3vqSWOEMO4OOxa2QJHuitI.mp3
727,Alana Davis,32 Flavors,15.71,9.53,8.41,18.71,22.47,15.06,12.29,6.88,7.71,3o5dmw1M6ugfLpva7yTyDr,tracks/3o5dmw1M6ugfLpva7yTyDr.mp3
728,Frank Sinatra,Fly Me to the Moon,30.18,13.82,27.91,43.82,20.55,41.91,19.91,6.09,2.09,5b7OgznPJJr1vHNYGyvxau,tracks/5b7OgznPJJr1vHNYGyvxau.mp3
729,Mayday Parade,Even Robots Need Blankets,18.62,19.38,40.38,33.12,17.62,25.25,21.12,4.25,14.75,1NivdSEUqwvnC6MzO8VZiG,tracks/1NivdSEUqwvnC6MzO8VZiG.mp3
730,Breathe Carolina,Edge of Heaven,8.07,10.0,12.79,4.07,4.93,19.86,29.29,30.5,4.07,4ZAqYMCngGjxr4sFGlowiy,tracks/4ZAqYMCngGjxr4sFGlowiy.mp3
731,Stevie Nicks,Ghosts,4.3,3.8,12.8,1.0,6.2,12.9,20.8,40.4,0.0,6Cy4g8vU4WZJFYgwsAcG6K,tracks/6Cy4g8vU4WZJFYgwsAcG6K.mp3
732,Eva Cassidy,True Colors,18.29,13.14,44.93,24.21,37.79,22.36,10.36,0.5,14.07,7iYvpjSQ9OuXTAMGSRiLJZ,tracks/7iYvpjSQ9OuXTAMGSRiLJZ.mp3
733,Michael Bublé,Come Fly With Me,24.92,20.0,42.17,43.25,35.75,41.17,14.0,1.75,8.5,2Cakl6tRkLxccrnqJdvGpu,tracks/2Cakl6tRkLxccrnqJdvGpu.mp3
734,Missy Higgins,Scar,9.33,2.25,10.42,17.33,16.25,25.08,10.08,4.83,2.83,1GUZZ8Z04qoRLtcCYkYxIM,tracks/1GUZZ8Z04qoRLtcCYkYxIM.mp3
735,Sting,Fields of Gold,32.09,14.45,36.09,36.73,38.55,28.91,8.09,6.82,19.82,0I1DJdLt9BKOb7GWmWxCjo,tracks/0I1DJdLt9BKOb7GWmWxCjo.mp3
736,Avril Lavigne,Girlfriend,11.08,13.83,37.0,20.08,9.08,57.58,43.25,15.92,2.08,45hOioMDJktr86iKDHC8gr,tracks/45hOioMDJktr86iKDHC8gr.mp3
737,Boys Like Girls,Thunder,26.53,12.94,30.94,29.76,27.41,22.0,16.35,4.94,20.53,1MrNveiYvWyKNAMiqn8xS8,tracks/1MrNveiYvWyKNAMiqn8xS8.mp3
738,Candlemass,The Ebony Throne,8.73,15.13,17.53,1.93,0.13,6.47,23.73,31.33,11.27,710qdYprxjsTDzCyW2xUWQ,tracks/710qdYprxjsTDzCyW2xUWQ.mp3
739,Nat King Cole,Orange Colored Sky,37.4,14.5,52.3,32.3,22.4,37.3,36.2,13.4,3.0,6fUDNcmsnnUVyOtEnA9xdC,tracks/6fUDNcmsnnUVyOtEnA9xdC.mp3
740,Ella Fitzgerald,Dream A Little Dream Of Me,31.47,27.2,48.93,47.67,49.87,18.2,10.2,4.4,16.8,78MI7mu1LV1k4IA2HzKmHe,tracks/78MI7mu1LV1k4IA2HzKmHe.mp3
741,"Earth, Wind & Fire",Mighty Mighty,9.47,2.73,11.13,1.47,4.67,23.67,19.8,21.2,0.87,3HFGDi2zGIgdXTocV5k2cs,tracks/3HFGDi2zGIgdXTocV5k2cs.mp3
742,Selena Gomez,Love You Like a Love Song,26.0,17.91,37.45,33.36,14.73,37.55,23.0,9.64,7.55,0laYHRpNTS6i8FXdupHkJ4,tracks/0laYHRpNTS6i8FXdupHkJ4.mp3
743,Phoenix,1901,15.06,10.31,24.12,4.88,4.38,50.38,26.0,7.62,3.5,3FM33HqRlV7J1QJoPOnd2u,tracks/3FM33HqRlV7J1QJoPOnd2u.mp3
744,C.C. Catch,Strangers By Night,24.35,18.18,43.41,25.47,11.53,32.06,25.82,14.06,17.82,2fkWRtyjRGehSPjfWPxSjC,tracks/2fkWRtyjRGehSPjfWPxSjC.mp3
745,Chico Buarque,Tatuagem,15.46,6.38,10.46,19.46,41.46,7.38,1.69,7.54,8.85,2eNz0RVTnVhleCBrZETeDG,tracks/2eNz0RVTnVhleCBrZETeDG.mp3
746,Edu Lobo,Candeias,29.0,19.59,29.14,37.91,57.23,10.95,9.27,2.41,17.82,50dHwlPsvC4Gp16DifoPOl,tracks/50dHwlPsvC4Gp16DifoPOl.mp3
747,Annie,Hold On,16.1,11.1,11.0,13.1,38.1,24.7,21.3,13.2,18.7,3yvL51i2yIXfPAQiquQKbK,tracks/3yvL51i2yIXfPAQiquQKbK.mp3
748,Jamie Cullum,Mind Trick,29.0,16.9,43.9,29.8,48.8,46.4,24.8,7.3,3.6,1rLs5c68LOspqWKcCMdXKO,tracks/1rLs5c68LOspqWKcCMdXKO.mp3
749,Frenzal Rhomb,Never Had So Much Fun,15.35,13.76,29.71,3.06,9.29,63.65,43.82,14.06,0.0,6M8EOu8P6cWMrJDPupNip1,tracks/6M8EOu8P6cWMrJDPupNip1.mp3
750,Sia,Don't Bring Me Down,16.12,18.12,19.12,16.47,16.29,8.18,11.24,11.59,38.82,4XSBnZBRdrIQzbIvmysvuC,tracks/4XSBnZBRdrIQzbIvmysvuC.mp3
751,Suzanne Vega,In Liverpool,17.65,19.59,26.35,17.94,18.29,16.47,19.24,10.88,21.47,6HHspSEn21kZStPP4BN1xB,tracks/6HHspSEn21kZStPP4BN1xB.mp3
752,Anathema,Don't Look Too Far,12.8,22.2,21.4,19.0,24.2,7.7,17.4,5.3,23.4,1FBakgw7zFrcV2eT6w3FZD,tracks/1FBakgw7zFrcV2eT6w3FZD.mp3
753,Avril Lavigne,SpongeBob SquarePants Theme,4.06,1.94,25.94,0.12,9.12,38.65,27.35,20.35,3.76,0il663f3f63cvsRJtGmdO2,tracks/0il663f3f63cvsRJtGmdO2.mp3
754,Halsey,Now or Never,10.69,14.77,7.92,20.69,18.54,17.0,16.15,14.23,9.92,7i2DJ88J7jQ8K7zqFX2fW8,tracks/7i2DJ88J7jQ8K7zqFX2fW8.mp3
755,Lykke Li,I Follow Rivers,18.25,21.33,14.42,28.83,38.08,33.83,23.5,9.17,15.25,4Jv7lweGIUOFQ7Oq2AtAh9,tracks/4Jv7lweGIUOFQ7Oq2AtAh9.mp3
756,Frank Sinatra,Like Someone in Love,38.3,22.8,61.3,68.3,62.3,29.3,21.8,7.6,26.2,0CaqEVnLB5plVzrlrMjfKT,tracks/0CaqEVnLB5plVzrlrMjfKT.mp3
757,Tove Lo,Not On Drugs (Ali Payami Remix),35.45,13.91,28.09,20.09,11.0,26.91,35.27,7.73,11.55,3LIwnakr43o8zMLnsHVye9,tracks/3LIwnakr43o8zMLnsHVye9.mp3
758,Yonderboi,Before you snap,21.33,13.44,8.44,0.44,8.33,2.56,23.72,38.39,8.56,1a9F0TEZ5fO4yWj0g9wojX,tracks/1a9F0TEZ5fO4yWj0g9wojX.mp3
759,Nara Leão,Acender As Velas,16.0,17.39,28.61,24.17,30.65,21.39,5.65,6.35,9.3,51WPyWMsRCsQL1rLd0D6EO,tracks/51WPyWMsRCsQL1rLd0D6EO.mp3
760,Crystal Castles,Pap Smear,17.18,19.09,6.91,5.73,9.36,13.36,19.73,27.73,6.18,2RuNFmIS9tzrEMRBeVFt5c,tracks/2RuNFmIS9tzrEMRBeVFt5c.mp3
761,Delerium,Silence (feat. Sarah McLachlan),17.38,18.19,12.29,2.81,5.48,17.57,19.43,19.62,7.62,3oVnbdWg48ZrmsUAQQUKbU,tracks/3oVnbdWg48ZrmsUAQQUKbU.mp3
762,Count Basie,Shiny Stockings,15.8,14.2,35.27,16.2,53.8,22.53,1.6,5.0,2.13,5JZoHrIGklz4iUlUNjMBcs,tracks/5JZoHrIGklz4iUlUNjMBcs.mp3
763,Chico Buarque,Construção,9.14,13.81,12.24,3.67,8.95,9.19,11.38,29.76,10.95,3FIuBxOxuQ6kYy8JO0gq2a,tracks/3FIuBxOxuQ6kYy8JO0gq2a.mp3
764,Stan Getz,Só Danço Samba,23.21,12.07,24.36,8.64,28.36,32.93,19.5,11.21,1.43,5je0CDv1Z1hT82Nek1Fjhl,tracks/5je0CDv1Z1hT82Nek1Fjhl.mp3
765,Cathedral,Hopkins (The Witchfinder General),14.3,9.2,8.5,0.0,10.5,30.4,59.5,21.7,2.7,2BiEmhDluMGJyfG0Dd061S,tracks/2BiEmhDluMGJyfG0Dd061S.mp3
766,Lighthouse Family,Ain't No Sunshine,38.82,23.18,50.0,31.73,31.09,22.91,12.45,9.0,31.18,435rQGMojc5C6xJbtjeynu,tracks/435rQGMojc5C6xJbtjeynu.mp3
767,Demi Lovato,Without the Love,9.69,6.08,20.0,15.85,7.38,25.77,35.77,19.15,21.62,4YD5RuRjByJ6Sz0srp5Aii,tracks/4YD5RuRjByJ6Sz0srp5Aii.mp3
768,Amy Winehouse,Know You Now,14.84,13.16,23.11,11.53,15.74,18.37,16.84,13.63,23.79,0UVTzpqtuQpuZCd7ZeZeTj,tracks/0UVTzpqtuQpuZCd7ZeZeTj.mp3
769,The Jacksons,Blame It on the Boogie,31.73,25.82,46.09,21.64,15.0,71.09,50.55,6.73,0.0,3qI94hINNNeb4S7xQi18lS,tracks/3qI94hINNNeb4S7xQi18lS.mp3
770,Björk,Enjoy,24.75,17.81,17.62,14.06,7.38,14.81,35.44,46.0,8.0,6JQVN9gi04NCK1tiz0aQA1,tracks/6JQVN9gi04NCK1tiz0aQA1.mp3
771,Beck,Tropicalia,19.62,15.31,26.85,18.92,11.69,27.0,15.46,8.69,2.69,6rx6Ew1sday1KvsnD4HNdI,tracks/6rx6Ew1sday1KvsnD4HNdI.mp3
772,Eliane Elias,Call Me,20.5,15.14,30.29,37.79,44.0,13.5,5.86,3.0,11.64,5iRxI8g8AxrQe6EpKYMtdN,tracks/5iRxI8g8AxrQe6EpKYMtdN.mp3
773,Tok Tok Tok,Walk on the Wild Side,33.0,27.94,36.75,28.0,53.88,43.44,24.75,8.19,5.06,78G0LEqrs8HmEwhb75nYXQ,tracks/78G0LEqrs8HmEwhb75nYXQ.mp3
774,Who Is Fancy,GOODBYE,30.0,11.44,15.33,27.67,18.56,16.11,14.67,7.78,9.67,6K5xY7EabiBLjd2HuBQIak,tracks/6K5xY7EabiBLjd2HuBQIak.mp3
775,Goldfrapp,Some People,25.46,8.46,28.54,26.77,24.23,10.77,12.69,16.69,25.0,0bB1VbAl9MctrLUOKf9WaS,tracks/0bB1VbAl9MctrLUOKf9WaS.mp3
776,Florence + the Machine,Dog Days Are Over,29.25,22.55,38.55,28.2,23.0,35.7,39.55,16.2,38.2,1YLJVmuzeM2YSUkCCaTNUB,tracks/1YLJVmuzeM2YSUkCCaTNUB.mp3
777,John Mayer,Heartbreak Warfare,36.2,21.3,32.3,37.5,41.2,30.5,24.3,1.9,30.5,4gs07VlJST4bdxGbBsXVue,tracks/4gs07VlJST4bdxGbBsXVue.mp3
778,Gnarls Barkley,St. Elsewhere,22.53,24.07,12.13,5.73,17.0,17.87,33.93,23.13,17.4,2N5zMZX7YeL1tico8oQxa9,tracks/2N5zMZX7YeL1tico8oQxa9.mp3
779,Belinda,Bailaría Sobre el Fuego,16.82,11.24,7.94,20.18,12.71,25.71,15.53,13.47,5.24,6OdBw3nV7nmGC5lSxf67p2,tracks/6OdBw3nV7nmGC5lSxf67p2.mp3
780,Incognito,Still A Friend Of Mine,15.85,16.62,16.77,23.0,19.38,24.23,14.31,10.54,5.08,5B23BmNt1R61I7b8iuB4jg,tracks/5B23BmNt1R61I7b8iuB4jg.mp3
781,Toto,Hold the Line,20.56,25.06,21.5,6.81,2.5,38.06,52.19,21.44,5.19,4aVuWgvD0X63hcOCnZtNFA,tracks/4aVuWgvD0X63hcOCnZtNFA.mp3
782,Sam Smith,I'm Not the Only One,23.67,19.2,34.93,50.6,29.87,25.2,21.47,8.33,20.67,7795WJLVKJoAyVoOtCWqXN,tracks/7795WJLVKJoAyVoOtCWqXN.mp3
783,Backstreet Boys,Larger Than Life,10.59,6.71,41.71,5.82,7.82,42.47,41.06,6.53,1.35,6sbXGUn9V9ZaLwLdOfpKRE,tracks/6sbXGUn9V9ZaLwLdOfpKRE.mp3
784,Katatonia,Deliberation,11.95,8.75,14.65,3.15,2.7,13.2,25.45,40.3,14.2,3z7jm3G3rdp05oTzYWkHNi,tracks/3z7jm3G3rdp05oTzYWkHNi.mp3
785,Basia,Drunk on Love,15.5,7.36,18.64,9.36,13.36,28.14,21.77,8.09,3.14,2oFMQdhYZUVd63DKRgJNVV,tracks/2oFMQdhYZUVd63DKRgJNVV.mp3
786,Summer Heart,I Wanna Go,23.92,31.38,32.15,16.23,26.31,33.0,17.69,6.85,12.69,3EA4HwrlLdDJ3b4cX7JfqC,tracks/3EA4HwrlLdDJ3b4cX7JfqC.mp3
787,Chaka Khan,Tearin' It Up,23.0,18.36,27.21,15.07,13.43,43.0,32.86,13.64,6.93,7Hag038sye6QGKPZoJpXwU,tracks/7Hag038sye6QGKPZoJpXwU.mp3
788,Mc Wm,Fuleragem,6.0,9.18,5.24,1.94,3.76,28.82,27.12,35.53,0.0,6tuzPD1zPPvwMbGiD0TBay,tracks/6tuzPD1zPPvwMbGiD0TBay.mp3
789,Astrud Gilberto,Agua De Beber,7.46,4.46,22.92,17.15,38.0,21.08,2.31,1.77,8.23,3QKJELWORZZ7rUZDWeMWSA,tracks/3QKJELWORZZ7rUZDWeMWSA.mp3
790,Roberta Sá,Fogo E Gasolina,12.83,2.58,9.38,6.17,8.58,40.04,16.0,6.04,1.12,3z29d3vubYNEBeuuo2e8vE,tracks/3z29d3vubYNEBeuuo2e8vE.mp3
791,Erykah Badu,Didn't Cha Know,11.5,10.5,24.2,25.9,37.9,21.1,3.7,1.7,8.8,7pv80uUHfocFqfTytu1MVi,tracks/7pv80uUHfocFqfTytu1MVi.mp3
792,The Fall of Every Season,From Below,2.78,9.67,1.72,0.22,1.06,7.78,30.5,47.22,3.44,6Cf2i3EYgQcglOmPcR3BDo,tracks/6Cf2i3EYgQcglOmPcR3BDo.mp3
793,Nat King Cole,Aquellos Ojos Verdes,15.23,12.31,24.92,39.85,46.46,11.0,4.92,1.15,4.15,35uu4l4jYnCLMh88URXqoX,tracks/35uu4l4jYnCLMh88URXqoX.mp3
794,The Cinematic Orchestra,Time and Space,18.29,16.86,9.29,22.0,34.57,2.93,6.93,21.71,31.86,6qqNMdHr1hcyF4amMDP5Sf,tracks/6qqNMdHr1hcyF4amMDP5Sf.mp3
795,Shape of Despair,Descending Inner Night,18.25,22.94,12.88,5.94,16.25,10.06,36.31,50.62,16.31,6MlYQ2wTknOenhhYhofmdy,tracks/6MlYQ2wTknOenhhYhofmdy.mp3
796,Lorde,Royals,17.58,20.08,46.33,22.58,25.33,45.42,41.83,14.42,10.42,2dLLR6qlu5UJ5gk0dKz0h3,tracks/2dLLR6qlu5UJ5gk0dKz0h3.mp3
797,Knife Party,Bonfire,21.56,26.06,12.72,1.33,5.28,31.17,48.0,20.39,1.17,0QIYINh2AwmOmdu8CRYvlw,tracks/0QIYINh2AwmOmdu8CRYvlw.mp3
798,Jamie Woon,Shoulda,12.1,9.05,19.2,33.65,32.05,12.35,3.55,8.9,17.35,6I39hUKfIBsPBLX42jE3Dk,tracks/6I39hUKfIBsPBLX42jE3Dk.mp3
799,Chromeo,Bad Decision,13.53,7.33,12.0,4.93,7.87,61.27,48.2,17.27,0.2,0PIQF15Jp7HwouZPLqPj8b,tracks/0PIQF15Jp7HwouZPLqPj8b.mp3
800,Chaka Khan,La Flamme,3.19,2.81,21.48,10.76,5.67,23.86,28.86,21.29,0.43,2eov5RDWfwpixHgts4okh9,tracks/2eov5RDWfwpixHgts4okh9.mp3
801,Grace Jones,Scary But Fun,6.26,7.47,13.68,6.11,9.79,14.68,21.0,20.68,20.32,6ulf6TKwgoeKjNM7GPHmII,tracks/6ulf6TKwgoeKjNM7GPHmII.mp3
802,Diana Krall,The Look Of Love,27.93,11.64,38.71,39.64,46.5,15.71,4.21,1.57,11.36,3CDHydgW0ssTh59f0jy1y3,tracks/3CDHydgW0ssTh59f0jy1y3.mp3
803,Taylor Dayne,You Meant The World To Me,17.71,3.79,26.79,20.21,18.79,44.0,23.43,3.5,2.14,4GGKiv7YVIvwvGbbdcsmB1,tracks/4GGKiv7YVIvwvGbbdcsmB1.mp3
804,Simon Curtis,D.T.M.,8.36,11.64,10.5,5.0,7.5,20.14,40.71,44.5,2.5,6SmXooAqsXFWej4L1xlpsV,tracks/6SmXooAqsXFWej4L1xlpsV.mp3
805,Savage Garden,Hold Me,13.26,2.65,28.39,21.61,12.96,20.48,19.65,5.78,5.17,5z7UgjxvvKBTf3qZMDvddZ,tracks/5z7UgjxvvKBTf3qZMDvddZ.mp3
806,Télépopmusik,Don't Look Back,22.14,22.0,20.79,18.71,25.71,10.86,6.0,14.36,9.86,6T1DyqY15fNj7F5FK4r5VR,tracks/6T1DyqY15fNj7F5FK4r5VR.mp3
807,Prince,Kiss,21.1,17.05,43.67,19.52,8.9,57.52,29.14,14.29,1.0,62LJFaYihsdVrrkgUOJC05,tracks/62LJFaYihsdVrrkgUOJC05.mp3
808,Blur,Girls & Boys,10.8,3.0,24.73,3.67,6.93,28.47,14.47,9.67,0.73,5CeL9C3bsoe4yzYS1Qz8cw,tracks/5CeL9C3bsoe4yzYS1Qz8cw.mp3
809,Michael Kiwanuka,Rest,28.33,22.54,38.25,60.96,55.96,15.92,11.33,2.5,22.17,46ueNei78zAk47R2OOLInn,tracks/46ueNei78zAk47R2OOLInn.mp3
810,Ella Fitzgerald & Louis Armstrong,Cheek to Cheek,23.62,9.94,37.69,35.38,35.38,28.62,15.12,7.62,6.44,33jt3kYWjQzqn3xyYQ5ZEh,tracks/33jt3kYWjQzqn3xyYQ5ZEh.mp3
811,Usher,DJ Got Us Fallin' In Love,23.7,32.4,75.0,16.6,11.8,59.4,53.6,12.6,1.4,4356Typ82hUiFAynbLYbPn,tracks/4356Typ82hUiFAynbLYbPn.mp3
812,Renee Olstead,A Love That Will Last,26.06,16.53,43.65,52.53,54.65,16.76,3.94,1.18,10.18,4bJbSERtCqK9D6DRUPMmMh,tracks/4bJbSERtCqK9D6DRUPMmMh.mp3
813,Elis Regina,Canto De Ossanha,8.45,5.35,20.35,15.8,19.45,19.55,11.45,10.2,6.65,7hli27iuIkMtJJMcLYou25,tracks/7hli27iuIkMtJJMcLYou25.mp3
814,Aretha Franklin,I Never Loved a Man (the Way I Love You),21.09,12.91,34.23,26.14,25.05,23.32,30.64,18.36,23.68,7s25THrKz86DM225dOYwnr,tracks/7s25THrKz86DM225dOYwnr.mp3
815,Alpine,Gasoline,17.47,14.88,19.29,17.18,27.41,23.0,18.41,4.82,6.71,1KHOOsJUHBy82PCZVV8Lmd,tracks/1KHOOsJUHBy82PCZVV8Lmd.mp3
816,Kylie Minogue,Love at First Sight,12.2,9.6,12.2,11.47,4.47,44.53,33.0,14.93,0.27,6ua8mbyHXTHpAmGyGpFAS2,tracks/6ua8mbyHXTHpAmGyGpFAS2.mp3
