,artist,title,Wonder,Transcendence,Nostalgia,Tenderness,Peacefulness,Joy,Power,Tension,Sadness,Spotify ID,Youtube ID,genre,Path
0,The Thrillseekers,Synaesthesia (Fly Away) - Radio Edit,2,3,3,2,1,5,5,3,1,5QdgpcfAw8EbsupH0B6BpI,,electronic,tracks/5QdgpcfAw8EbsupH0B6BpI.mp3
1,Jorge Ben,Ponta de lanï¿½a africano (Umbabarauma),4,3,1,1,2,5,5,2,1,0jayFuH5lbwOOVeJnwDgGf,,jazz,tracks/0jayFuH5lbwOOVeJnwDgGf.mp3
2,Lamb,Heaven,2,3,4,2,2,2,4,2,2,0bjTW3zBohWdYy2z1Sf5hJ,,electronic,tracks/0bjTW3zBohWdYy2z1Sf5hJ.mp3
3,Milton Nascimento,Cais,2,2,2,3,4,1,1,2,3,1PVLHOm7WUbZMChq8JAFW9,,jazz,tracks/1PVLHOm7WUbZMChq8JAFW9.mp3
4,Kylie Minogue,Please Stay (7th District Radio Mix),2,2,2,1,2,5,5,3,1,5MqHbBqicUU0wyXwk7TJR7,,pop,tracks/5MqHbBqicUU0wyXwk7TJR7.mp3
5,Ace of Base,Lucky Love,4,3,5,2,3,5,5,2,1,2O5MugeVVDlVs4ThMCy1Lm,,pop,tracks/2O5MugeVVDlVs4ThMCy1Lm.mp3
6,Seal,Kiss From A Rose,4,4,5,5,5,4,4,2,2,3YKptz29AsOlm7WAVnztBh,,pop,tracks/3YKptz29AsOlm7WAVnztBh.mp3
7,Ashley Tisdale,Suddenly,4,4,4,5,5,2,3,1,4,6YD8kmD2SQw5uwQGFZ9W9n,,pop,tracks/6YD8kmD2SQw5uwQGFZ9W9n.mp3
8,Donny Hathaway,Someday We'll All Be Free,3,2,4,4,5,3,1,1,2,5J5rzvpYAQHlELldedLT9X,,funk_soul,tracks/5J5rzvpYAQHlELldedLT9X.mp3
9,Warning,Echoes,2,3,2,1,1,2,5,3,2,3GU59OzCMZvscGqSG4Lg0y,,rock,tracks/3GU59OzCMZvscGqSG4Lg0y.mp3
10,Busted,Over Now,3,2,5,3,2,4,4,2,4,70uvMWoagPhT9NeymzQxav,,rock,tracks/70uvMWoagPhT9NeymzQxav.mp3
11,George Michael,Careless Whisper,5,5,5,5,5,5,5,2,5,4jDmJ51x1o9NZB5Nxxc7gY,,pop,tracks/4jDmJ51x1o9NZB5Nxxc7gY.mp3
12,Hot Chocolate,You Sexy Thing,4,2,5,4,4,5,4,1,1,714hERk9U1W8FMYkoC83CO,,funk_soul,tracks/714hERk9U1W8FMYkoC83CO.mp3
13,The Saturdays,Forever Is Over,3,3,3,2,1,4,5,2,2,6mSqWsqiv9LLPPKxrwh3yU,,pop,tracks/6mSqWsqiv9LLPPKxrwh3yU.mp3
14,Carpenters,We've Only Just Begun,4,3,5,5,5,4,1,1,2,3m167vBQI5YLK0a1m6L6Y1,,pop,tracks/3m167vBQI5YLK0a1m6L6Y1.mp3
15,Jam & Spoon,Right in the Night (Fall in Love With Music),3,4,4,3,4,5,5,2,2,6x6G0shZs4Qg4YLfLbhR7z,,electronic,tracks/6x6G0shZs4Qg4YLfLbhR7z.mp3
16,Novos Baianos,Curto De Vï¿½u E Grinalda,2,2,2,1,1,5,5,3,1,7rFNyShNdXvg4j6qK9lBSC,,funk_soul,tracks/7rFNyShNdXvg4j6qK9lBSC.mp3
17,Bjï¿½rk,Possibly Maybe (Live),2,2,2,3,3,2,1,3,3,4SngFKTnu9FbOldhGvHUlG,,electronic,tracks/4SngFKTnu9FbOldhGvHUlG.mp3
18,Cult of Luna,Finland,2,3,1,1,2,2,5,5,2,3N8cK1O5u0RawDBbP4a0hc,,rock,tracks/3N8cK1O5u0RawDBbP4a0hc.mp3
19,IU,The red shoes,4,3,3,2,2,5,5,3,1,3atsk5EWI5fNxLMIJnfYfJ,,jazz,tracks/3atsk5EWI5fNxLMIJnfYfJ.mp3
20,Zero 7,In the Waiting Line,3,3,4,5,5,4,2,2,2,5ARrtxJLVCeTv5TWo1oKgC,,electronic,tracks/5ARrtxJLVCeTv5TWo1oKgC.mp3
21,Jorge Ben Jor,"Mas, Que Nada!",3,4,5,5,5,5,2,2,2,6U03Orwr5Dxt8jahLnQpYV,,jazz,tracks/6U03Orwr5Dxt8jahLnQpYV.mp3
22,Bobby Caldwell,Open Your Eyes,2,2,5,5,5,5,3,1,1,1Yrgyxebkguu4MGFkDoINo,,jazz,tracks/1Yrgyxebkguu4MGFkDoINo.mp3
23,Fiona Apple,The First Taste,3,4,4,5,5,2,2,2,3,21Xc8hEIzv81jwiftI4hJB,,jazz,tracks/21Xc8hEIzv81jwiftI4hJB.mp3
24,Tamar Braxton,Sound of Love,2,2,1,1,2,2,2,5,2,1QSNwan8EvZeJhuDag0aqX,,funk_soul,tracks/1QSNwan8EvZeJhuDag0aqX.mp3
25,Cï¿½line Dion,Je crois toi,4,4,4,5,4,1,2,2,4,3CehtvHVAVPaaukPIIL67r,,pop,tracks/3CehtvHVAVPaaukPIIL67r.mp3
26,Submotion Orchestra,Variations,2,1,1,4,5,1,1,1,1,3qzxORCDY3UpbvT7p7WYIE,,electronic,tracks/3qzxORCDY3UpbvT7p7WYIE.mp3
27,Rilo Kiley,It Just Is,5,3,5,4,4,2,2,1,5,26tR002TUAcmtfBLR7hVnS,,pop,tracks/26tR002TUAcmtfBLR7hVnS.mp3
28,The Weeknd,Wicked Games,5,4,4,5,5,4,5,2,2,6VwBbL8CzPiC4QV66ay7oR,,electronic,tracks/6VwBbL8CzPiC4QV66ay7oR.mp3
29,John Farnham,Age of Reason,3,2,3,2,3,4,3,2,1,3LQde40NABYOH14hWse0Yi,,rock,tracks/3LQde40NABYOH14hWse0Yi.mp3
30,Duffy,Rockferry,2,2,3,3,4,1,2,1,3,78twQ5XCFJMTE37ZSU0gsj,,funk_soul,tracks/78twQ5XCFJMTE37ZSU0gsj.mp3
31,Sarah Vaughan,Misty,2,1,4,2,4,5,2,2,1,7gHFBNy0Qn86xGKJ9OdFTw,,jazz,tracks/7gHFBNy0Qn86xGKJ9OdFTw.mp3
32,Avril Lavigne,Wish You Were Here,3,3,5,5,3,5,4,3,3,5XHf9PBxxHmJFuiDkGNIOA,,rock,tracks/5XHf9PBxxHmJFuiDkGNIOA.mp3
33,October Tide,Blackness Devours,3,4,1,1,1,2,5,5,3,5KjDr2aEWTdOxdOs4gcuac,,rock,tracks/5KjDr2aEWTdOxdOs4gcuac.mp3
34,Ridgewalkers,Find (Andy Moor Remix),4,5,4,3,3,5,5,4,2,5DpHrixQf7FfpAQJLAX2Fw,,electronic,tracks/5DpHrixQf7FfpAQJLAX2Fw.mp3
35,Alcazar,This Is The World We Live In,3,3,4,2,2,5,5,1,1,6HuwtnWUE0Y7MKUvoOyb2F,,pop,tracks/6HuwtnWUE0Y7MKUvoOyb2F.mp3
36,Dinah Washington,Cry Me a River,4,4,5,5,5,4,4,2,5,4ydtQJImyQg6UDFFZBzgxp,,jazz,tracks/4ydtQJImyQg6UDFFZBzgxp.mp3
37,Boney M.,Rasputin,2,3,5,1,2,5,5,2,1,5jkFvD4UJrmdoezzT1FRoP,,funk_soul,tracks/5jkFvD4UJrmdoezzT1FRoP.mp3
38,Donna Summer,Winter Melody,4,4,5,5,5,5,4,1,2,1zHOjqf8DqjNq6OB7Y5mrF,,funk_soul,tracks/1zHOjqf8DqjNq6OB7Y5mrF.mp3
39,Tonight Alive,Let It Land,2,4,5,1,2,5,5,3,2,3aKPJyIFrJAPTPWs2yy0IX,,rock,tracks/3aKPJyIFrJAPTPWs2yy0IX.mp3
40,My Dying Bride,Your River,2,2,2,1,2,1,4,5,2,6FMcHZ5FuBpPkD4IHVyrM9,,rock,tracks/6FMcHZ5FuBpPkD4IHVyrM9.mp3
41,Sara Bareilles,Undertow,4,4,4,5,5,5,3,1,2,0tozhA4AZE7kDEvlcxCzP1,,rock,tracks/0tozhA4AZE7kDEvlcxCzP1.mp3
42,Leona Lewis,Bleeding Love,3,2,5,5,4,4,5,1,3,7wZUrN8oemZfsEd1CGkbXE,,pop,tracks/7wZUrN8oemZfsEd1CGkbXE.mp3
43,Anathema,Crestfallen,1,1,1,1,1,1,4,5,2,3Ca1PahHy0AowFpNwHzJM2,,rock,tracks/3Ca1PahHy0AowFpNwHzJM2.mp3
44,Submotion Orchestra,Eyeline,4,3,2,2,2,2,4,2,2,2sqeVVvHRuskC1E4nA1Xls,,electronic,tracks/2sqeVVvHRuskC1E4nA1Xls.mp3
45,September,R.I.P.,2,1,2,2,1,5,4,2,1,4BPyxkPrDW7tsb86HUnb04,,electronic,tracks/4BPyxkPrDW7tsb86HUnb04.mp3
46,Djavan,Serrado,2,1,2,2,4,5,2,2,1,7EjRiBMib2EG0cdMEXavbC,,jazz,tracks/7EjRiBMib2EG0cdMEXavbC.mp3
47,Christina Aguilera,Something's Got a Hold on Me,3,2,4,2,3,5,5,1,1,2CVMTJWBqbtaCWNWbcBZae,,funk_soul,tracks/2CVMTJWBqbtaCWNWbcBZae.mp3
48,Ana Carolina,"Tï¿½ rindo, ï¿½?",2,2,3,4,4,4,3,2,1,65GmViOSKcP7jK0wNqRs8r,,jazz,tracks/65GmViOSKcP7jK0wNqRs8r.mp3
49,The Whispers,And the Beat Goes On,4,2,4,3,4,5,4,2,1,7oQ1wkBmYSBEC2x7U08dvn,,funk_soul,tracks/7oQ1wkBmYSBEC2x7U08dvn.mp3
50,Cobra Starship,"One Day, Robots Will Cry",2,3,4,2,2,5,5,3,1,76ohTRgQXmyTJrt8rgMbH2,,rock,tracks/76ohTRgQXmyTJrt8rgMbH2.mp3
51,Yellowcard,Everywhere,4,5,5,1,1,5,5,2,2,4A3H0I1iSmYiHh5IScsBX5,,rock,tracks/4A3H0I1iSmYiHh5IScsBX5.mp3
52,Portishead,Glory Box,4,3,5,5,4,3,2,1,2,3Ty7OTBNSigGEpeW2PqcsC,,electronic,tracks/3Ty7OTBNSigGEpeW2PqcsC.mp3
53,Rihanna,Diamonds,5,3,5,4,4,5,5,1,1,1z9kQ14XBSN0r2v6fx4IdG,,pop,tracks/1z9kQ14XBSN0r2v6fx4IdG.mp3
54,Al Green,Let's Stay Together,4,4,5,5,5,5,3,1,1,63xdwScd1Ai1GigAwQxE8y,,funk_soul,tracks/63xdwScd1Ai1GigAwQxE8y.mp3
55,New Found Glory,This Disaster,2,3,3,1,1,5,5,4,2,2VHAQ84pzRe11YdMUDZzMZ,,rock,tracks/2VHAQ84pzRe11YdMUDZzMZ.mp3
56,All Time Low,Time-Bomb,3,2,4,2,2,5,5,4,2,2qqn52sp9dDk2F9PdTrpwZ,,rock,tracks/2qqn52sp9dDk2F9PdTrpwZ.mp3
57,The Ink Spots,I Don't Want to Set the World on Fire,3,3,5,5,5,3,1,1,3,777zXDJpBufzttU4AJ2dGO,,jazz,tracks/777zXDJpBufzttU4AJ2dGO.mp3
58,The Weeknd,The Town,4,3,2,3,2,2,3,4,2,7jGr8wzgwOVLuktY66qM5f,,electronic,tracks/7jGr8wzgwOVLuktY66qM5f.mp3
59,"Earth, Wind & Fire",Boogie Wonderland,3,3,5,2,3,5,5,1,1,6ztstiyZL6FXzh4aG46ZPD,,funk_soul,tracks/6ztstiyZL6FXzh4aG46ZPD.mp3
60,Sister Sledge,Frankie,3,2,5,5,5,5,3,1,2,6th7K3C0mmxk5AlT4x4oro,,funk_soul,tracks/6th7K3C0mmxk5AlT4x4oro.mp3
61,The Andrews Sisters,In the Mood,4,3,4,1,2,5,5,2,1,6jO6eAQG1JW7fel2csJ5XQ,,jazz,tracks/6jO6eAQG1JW7fel2csJ5XQ.mp3
62,Deee-Lite,Apple Juice Kissing,2,1,2,4,2,2,2,2,1,7fh5bhI5rzRBcSX9IKFNir,,electronic,tracks/7fh5bhI5rzRBcSX9IKFNir.mp3
63,Shpongle,I Am You,2,2,1,1,1,3,3,5,1,3k3RK6cRZa165izv0rTv4Z,,electronic,tracks/3k3RK6cRZa165izv0rTv4Z.mp3
64,Nicki Minaj,Starships,3,4,2,2,2,5,5,4,1,1oHNvJVbFkexQc0BpQp7Y4,,pop,tracks/1oHNvJVbFkexQc0BpQp7Y4.mp3
65,Squirrel Nut Zippers,Low Down Man,3,2,5,5,5,1,1,2,4,0Ta1U180vOfj8LlhUM1Qvh,,jazz,tracks/0Ta1U180vOfj8LlhUM1Qvh.mp3
66,George Benson,Turn Your Love Around,4,4,5,5,5,5,4,1,1,6a899bXlCuViXW2Qs8Rdqo,,jazz,tracks/6a899bXlCuViXW2Qs8Rdqo.mp3
67,Itamar Assumpï¿½ï¿½o,Beijo na Boca,3,1,2,2,4,5,3,1,1,034M638G8hvIQ5WfSxJ9gS,,funk_soul,tracks/034M638G8hvIQ5WfSxJ9gS.mp3
68,The Pointer Sisters,He's So Shy,3,2,5,5,3,4,4,1,2,6R9NqD0WX9sJYs6PbA5onu,,funk_soul,tracks/6R9NqD0WX9sJYs6PbA5onu.mp3
69,James Brown,Funky Drummer,2,2,4,2,2,5,5,3,1,0VbpqlboEkGQ7Pu6juJljZ,,funk_soul,tracks/0VbpqlboEkGQ7Pu6juJljZ.mp3
70,Atomic Kitten,It's OK!,2,3,4,3,5,4,3,1,3,7fQrbv4s2XyMwVCIKenI26,,pop,tracks/7fQrbv4s2XyMwVCIKenI26.mp3
71,Vinï¿½cius de Moraes,Samba em Prelï¿½dio,4,3,5,5,5,2,1,1,3,7yYKjc8k6UrqeBig0bDeFy,,jazz,tracks/7yYKjc8k6UrqeBig0bDeFy.mp3
72,Chet Baker,The Thrill Is Gone,5,4,5,5,5,1,1,1,5,0kKQreifydSOeqZzHkNW67,,jazz,tracks/0kKQreifydSOeqZzHkNW67.mp3
73,Gino Vannelli,Wheels Of Life,4,2,5,5,5,3,3,1,3,7uE9ZeScOg28zFE7OHQxuR,,jazz,tracks/7uE9ZeScOg28zFE7OHQxuR.mp3
74,The Chakachas,Jungle Fever,2,2,1,2,2,4,2,4,1,2QEhVc7hg5Z5yI8UPOSRk8,,funk_soul,tracks/2QEhVc7hg5Z5yI8UPOSRk8.mp3
75,Jennifer Hudson,Moan,4,4,5,5,5,3,5,1,4,5jpo5CggeyVEQSHoXVhBqh,,funk_soul,tracks/5jpo5CggeyVEQSHoXVhBqh.mp3
76,Bosson,One In A Million,4,2,4,5,3,5,3,1,2,3y1cXTre9LcmTxgqbKSqZY,,pop,tracks/3y1cXTre9LcmTxgqbKSqZY.mp3
77,Melody Gardot,Worrisome Heart,4,3,5,5,5,4,4,2,2,3zh5km8gPDYMiWvmLTsos0,,jazz,tracks/3zh5km8gPDYMiWvmLTsos0.mp3
78,Michael Jackson,Love Never Felt So Good,3,3,3,4,1,5,5,1,1,48td6xvpokdYwvbl3JIiXP,,funk_soul,tracks/48td6xvpokdYwvbl3JIiXP.mp3
79,Emika,Drop the Other,4,5,3,2,3,4,5,4,2,1sHoqPtMfaZML6P77Q586a,,electronic,tracks/1sHoqPtMfaZML6P77Q586a.mp3
80,MFSB,T.S.O.P. (The Sound Of Philadelphia),3,3,4,2,2,5,5,2,1,7kllQQPam6HumbUCIPSvHJ,,funk_soul,tracks/7kllQQPam6HumbUCIPSvHJ.mp3
81,Avril Lavigne,I'm with You,3,2,5,5,3,2,3,1,3,1jlG3KJ3gdYmhfuySFfpO1,,rock,tracks/1jlG3KJ3gdYmhfuySFfpO1.mp3
82,Sï¿½bastien Tellier,La Ritournelle,4,3,5,5,5,1,1,1,5,0qG1teoBvooRo7Z5Z8edCk,,electronic,tracks/0qG1teoBvooRo7Z5Z8edCk.mp3
83,Strike,O Teu Olhar,2,2,2,1,1,5,5,4,1,4wGDJMUhcFy1j7XWo5ve4K,,rock,tracks/4wGDJMUhcFy1j7XWo5ve4K.mp3
84,Chicane,Autumn Tactics,3,2,3,3,4,3,2,2,3,7LmG4gBYF7T53JVfgVVFKy,,electronic,tracks/7LmG4gBYF7T53JVfgVVFKy.mp3
85,Katatonia,Teargas,2,3,2,1,1,2,3,4,4,31kIDIQFtTgVhV6KDwt1PV,,rock,tracks/31kIDIQFtTgVhV6KDwt1PV.mp3
86,Kool & The Gang,Celebration,4,2,5,2,3,5,5,1,1,3K7Q9PHUWPTaknlbFPThn2,,funk_soul,tracks/3K7Q9PHUWPTaknlbFPThn2.mp3
87,Cerrone,Give Me Love,4,3,5,3,4,5,4,2,2,30EaKbkhCzCAxVccAaYzGA,,funk_soul,tracks/30EaKbkhCzCAxVccAaYzGA.mp3
88,We the Kings,All Again for You,2,2,4,2,2,5,5,2,2,1zMc2ZD35IDeYlNANbnF0w,,rock,tracks/1zMc2ZD35IDeYlNANbnF0w.mp3
89,Jamiroquai,Automaton,3,3,2,1,2,5,5,4,1,42dJ29C11xlJTLkRVmKty1,,funk_soul,tracks/42dJ29C11xlJTLkRVmKty1.mp3
90,Paradise Lost,True Belief,2,3,1,1,1,2,4,4,2,3mfwwUEFwXERswYBqhKcTC,,rock,tracks/3mfwwUEFwXERswYBqhKcTC.mp3
91,Paramore,That's What You Get,2,2,5,2,1,5,5,2,1,1JdKrFyoU05abww0Zv0ayQ,,rock,tracks/1JdKrFyoU05abww0Zv0ayQ.mp3
92,Diana Ross,The Best Years Of My Life,2,1,4,5,5,1,1,1,4,7xTAPIggS2K1UcTF0HXkak,,funk_soul,tracks/7xTAPIggS2K1UcTF0HXkak.mp3
93,Flunk,Six Seven Times,4,3,4,3,5,2,2,1,4,2jknEB3TLUX5vEaLI4gttE,,electronic,tracks/2jknEB3TLUX5vEaLI4gttE.mp3
94,Candlemass,Solitude,2,4,1,1,1,2,5,5,3,0v3WyEt2g04WFpfVwcnfXm,,rock,tracks/0v3WyEt2g04WFpfVwcnfXm.mp3
95,The Format,I'm Actual,3,3,5,4,2,3,4,2,3,2eHZ6UoAycNv99qKz4PVPg,,pop,tracks/2eHZ6UoAycNv99qKz4PVPg.mp3
96,Teena Marie,Revolution,1,3,3,1,2,4,3,1,2,7re1yRjy442DIAIVUgCaBN,,funk_soul,tracks/7re1yRjy442DIAIVUgCaBN.mp3
97,Ashlee Simpson,Beautifully Broken,3,2,3,3,2,4,3,1,3,0Z5TwodaWvDGq43AVdnKzn,,pop,tracks/0Z5TwodaWvDGq43AVdnKzn.mp3
98,Al Jarreau,Ain't No Sunshine,3,2,5,5,4,5,4,2,3,0Res4ooR61zc5T7m2Fswog,,jazz,tracks/0Res4ooR61zc5T7m2Fswog.mp3
99,Lana Del Rey,Born to Die,3,2,5,4,4,1,2,2,5,487OPlneJNni3NWC8SYqhW,,pop,tracks/487OPlneJNni3NWC8SYqhW.mp3
100,Ambrosia,You're the Only Woman,2,2,5,5,3,4,3,1,2,11qmuUlW5q5diLiVSOlsSF,,jazz,tracks/11qmuUlW5q5diLiVSOlsSF.mp3
101,Justin Timberlake,Cry Me a River,3,2,5,2,3,5,3,2,3,7Lf7oSEVdzZqTA0kEDSlS5,,pop,tracks/7Lf7oSEVdzZqTA0kEDSlS5.mp3
102,Michael Bublï¿½,Feeling Good,2,2,5,3,4,2,2,2,1,3I09LQbHS3NSU46Ly3tPpR,,jazz,tracks/3I09LQbHS3NSU46Ly3tPpR.mp3
103,Diana Ross,Upside Down,4,3,5,5,4,5,5,1,1,3pbtBomO4Zt5gGiqsYeiBH,,funk_soul,tracks/3pbtBomO4Zt5gGiqsYeiBH.mp3
104,Marianas Trench,Good To You,2,1,2,3,1,4,5,2,2,3eDBBDWXkmH6chzPZhuajx,,rock,tracks/3eDBBDWXkmH6chzPZhuajx.mp3
105,Prince & The Revolution,Purple Rain,4,5,5,2,2,2,4,2,2,54X78diSLoUDI3joC2bjMz,,rock,tracks/54X78diSLoUDI3joC2bjMz.mp3
106,Lily Allen,Air Balloon,3,3,2,4,3,5,3,1,1,1DIS8YXZKxePLmY7Z8UC4I,,pop,tracks/1DIS8YXZKxePLmY7Z8UC4I.mp3
107,Louis Armstrong,What a Wonderful World,5,4,5,5,5,5,3,1,2,29U7stRjqHU6rMiS8BfaI9,,jazz,tracks/29U7stRjqHU6rMiS8BfaI9.mp3
108,Madonna,Gang Bang,3,4,2,1,2,4,5,4,1,5IYWdpFJAeKLggc7B8xtJm,,electronic,tracks/5IYWdpFJAeKLggc7B8xtJm.mp3
109,Electric Wizard,The Chosen Few,2,3,2,2,2,2,4,4,2,5qN4DbKNNuIIe7xSlJPco0,,rock,tracks/5qN4DbKNNuIIe7xSlJPco0.mp3
110,Donna Summer,Autumn Changes,1,1,2,3,2,5,3,2,2,4LldsyhaiUL5tcP5uxDBkx,,funk_soul,tracks/4LldsyhaiUL5tcP5uxDBkx.mp3
111,blink-182,The Girl Next Door,2,2,1,1,1,2,3,4,2,2YmvU7tSabJfECLUutSXJ1,,rock,tracks/2YmvU7tSabJfECLUutSXJ1.mp3
112,Village People,Go West,2,1,5,2,2,5,5,2,1,5v67uga7IFT3FQhDDBgaY8,,funk_soul,tracks/5v67uga7IFT3FQhDDBgaY8.mp3
113,Melanie C,"Yeh, Yeh, Yeh",2,1,3,1,2,5,5,3,1,5gEkWBFaVUjzY7Y3sw35UU,,pop,tracks/5gEkWBFaVUjzY7Y3sw35UU.mp3
114,Norah Jones,Humble Me,5,4,5,5,5,1,2,1,5,7BboupyTdAr1nmMJZw0V4h,,jazz,tracks/7BboupyTdAr1nmMJZw0V4h.mp3
115,Paradise Lost,Gone,3,2,4,2,4,2,4,2,5,7C05KE8DAyWoM4yoEOaq6m,,rock,tracks/7C05KE8DAyWoM4yoEOaq6m.mp3
116,Morcheeba,Rome Wasn't Built in a Day,4,3,5,5,5,4,3,2,2,6lsumzVFKP9SnfKcuGwqVp,,pop,tracks/6lsumzVFKP9SnfKcuGwqVp.mp3
117,Hozier,Take Me to Church,5,5,5,4,5,4,5,3,4,1CS7Sd1u5tWkstBhpssyjP,,funk_soul,tracks/1CS7Sd1u5tWkstBhpssyjP.mp3
118,Chico Buarque,Sonho De Um Carnaval,2,2,3,3,5,3,1,1,2,6VlapIlYfqtoiWsE0DZUsE,,jazz,tracks/6VlapIlYfqtoiWsE0DZUsE.mp3
119,Kendrick Lamar,King Kunta,1,2,2,1,1,5,5,4,1,0N3W5peJUQtI4eyR6GJT5O,,funk_soul,tracks/0N3W5peJUQtI4eyR6GJT5O.mp3
120,Owl City,Fireflies,4,4,5,4,4,5,3,2,2,3DamFFqW32WihKkTVlwTYQ,,pop,tracks/3DamFFqW32WihKkTVlwTYQ.mp3
121,Neurosis,Fear and Sickness,2,2,1,1,1,1,5,5,1,2sXYiWVdddj45DruzNKJGC,,rock,tracks/2sXYiWVdddj45DruzNKJGC.mp3
122,The Temptations,My Girl,3,2,5,5,4,5,3,1,2,745H5CctFr12Mo7cqa1BMH,,funk_soul,tracks/745H5CctFr12Mo7cqa1BMH.mp3
123,Descendents,Silly Girl,1,2,2,2,1,3,5,3,1,1o0cObpbURSTFEoXSgmL6a,,rock,tracks/1o0cObpbURSTFEoXSgmL6a.mp3
124,Michael Learns to Rock,Paint My Love,3,2,5,5,5,3,1,1,3,523iOSL6R2OomhVMGcfxdy,,pop,tracks/523iOSL6R2OomhVMGcfxdy.mp3
125,A*Teens,Rockin',2,1,3,2,2,5,2,1,1,66Ic3dIvBMBV7Oc4PUjw5w,,pop,tracks/66Ic3dIvBMBV7Oc4PUjw5w.mp3
126,Mark Ronson,Uptown Funk,2,3,4,3,1,5,5,2,1,32OlwWuMpZ6b0aN2RZOeMS,,funk_soul,tracks/32OlwWuMpZ6b0aN2RZOeMS.mp3
127,Apparat,Black Water,3,4,3,3,3,2,3,2,4,3mFu6HJLVeyyUyTS1EkHFP,,electronic,tracks/3mFu6HJLVeyyUyTS1EkHFP.mp3
128,Sarah Vaughan,He's My Guy,3,2,4,4,5,5,4,1,1,5Po3D0fxlUpQTciXYWOmnJ,,jazz,tracks/5Po3D0fxlUpQTciXYWOmnJ.mp3
129,Pinball,Come Into My Dream,3,2,2,2,2,5,4,3,1,2JPFEnjLROchH7qqoRy9Vl,,electronic,tracks/2JPFEnjLROchH7qqoRy9Vl.mp3
130,Heidi Montag,Love It or Leave It,2,2,2,1,2,4,3,3,1,25pVbxHtM3TdDA6hHwvLfW,,pop,tracks/25pVbxHtM3TdDA6hHwvLfW.mp3
131,The Bug,Poison Dart,2,2,2,2,2,3,2,5,1,7k9XruEHhkEH1I2epEHERo,,electronic,tracks/7k9XruEHhkEH1I2epEHERo.mp3
132,Hey Monday,Set Off,1,3,2,2,1,5,5,2,1,0D5q7zxMaeQ9ekjuTQiryo,,rock,tracks/0D5q7zxMaeQ9ekjuTQiryo.mp3
133,Above & Beyond,Alchemy,3,5,1,2,3,3,4,2,2,0Xm3H8qUhiUALrZYJyf61f,,electronic,tracks/0Xm3H8qUhiUALrZYJyf61f.mp3
134,WJSN,HURRY UP,2,2,2,1,1,5,4,2,1,1lAuz7VJzbhhYHTQ11JE12,,jazz,tracks/1lAuz7VJzbhhYHTQ11JE12.mp3
135,Anathema,Judgement,2,2,3,1,1,4,5,5,2,0jQxDAN0CBuIdAqbR4OnzV,,rock,tracks/0jQxDAN0CBuIdAqbR4OnzV.mp3
136,Belleruche,Anything You Want (Not That),2,2,3,2,3,4,2,2,1,41fe96o3cxCfvINxcxEe4R,,funk_soul,tracks/41fe96o3cxCfvINxcxEe4R.mp3
137,Lasgo,Alone,1,2,2,1,1,4,4,3,1,6hVdYM1RKjPIYv17KJ6Cll,,electronic,tracks/6hVdYM1RKjPIYv17KJ6Cll.mp3
138,Evelyn Thomas,High Energy,2,2,3,1,1,5,5,4,1,2O3JCRH7IvUUbzbxEvoVAi,,funk_soul,tracks/2O3JCRH7IvUUbzbxEvoVAi.mp3
139,Faithless,Insomnia,1,1,1,1,2,1,1,5,1,7gWc0QEt2hoIkMv3XxPY1T,,electronic,tracks/7gWc0QEt2hoIkMv3XxPY1T.mp3
140,Good Charlotte,I Don't Wanna Be In Love (Dance Floor Anthem),2,2,4,1,2,5,5,2,1,36UVZPoK8a1Oxh13cY8kOp,,rock,tracks/36UVZPoK8a1Oxh13cY8kOp.mp3
141,Bonobo,Nightlite,5,4,3,2,4,4,4,2,2,1gI1nC5E3ObyMtejdc8crP,,electronic,tracks/1gI1nC5E3ObyMtejdc8crP.mp3
142,Flux Pavilion,I Can't Stop,4,5,2,2,2,5,5,5,1,5WSL7UTa38jMWoBzObD4BD,,electronic,tracks/5WSL7UTa38jMWoBzObD4BD.mp3
143,Everything But the Girl,Low Tide Of The Night,4,4,5,4,5,4,2,1,1,06bJuoqZDzxSINQFREVLu0,,electronic,tracks/06bJuoqZDzxSINQFREVLu0.mp3
144,Babybird,You're Gorgeous,2,1,2,1,4,4,1,1,1,5COBer69wpwkCPPaLr1gFb,,pop,tracks/5COBer69wpwkCPPaLr1gFb.mp3
145,Wayne Newton,Danke Schoen,2,2,5,3,2,4,3,2,1,1BfbdFWT4wirsQ5BNgmN52,,jazz,tracks/1BfbdFWT4wirsQ5BNgmN52.mp3
146,Phil Collins,Against All Odds (Take a Look at Me Now),5,3,5,5,5,3,3,1,3,63CHa6rmamv9OsehkRD8oz,,rock,tracks/63CHa6rmamv9OsehkRD8oz.mp3
147,Nina Simone,That's All I Ask,4,3,5,5,4,2,3,1,5,5uI8omnLtzW4xTqJ5AoQtT,,jazz,tracks/5uI8omnLtzW4xTqJ5AoQtT.mp3
148,Lacrimas Profundere,The Crown of Leaving,3,3,3,2,3,2,3,4,3,7qNpAPSfPiLQ47cez2IpeW,,rock,tracks/7qNpAPSfPiLQ47cez2IpeW.mp3
149,Nero,My Eyes,3,4,2,1,2,3,5,5,1,4gMIZhJUOCjmQxo1fwhhnK,,electronic,tracks/4gMIZhJUOCjmQxo1fwhhnK.mp3
150,ATB,9pm (Till I Come),4,4,5,3,2,5,5,2,1,1CgbwsrNDlFrRuk2ebQ7zr,,electronic,tracks/1CgbwsrNDlFrRuk2ebQ7zr.mp3
151,Elis Regina,Como Nossos Pais,3,3,3,4,2,3,3,2,3,2ZC8sdv4Kvuql7Q9T8Agzv,,jazz,tracks/2ZC8sdv4Kvuql7Q9T8Agzv.mp3
152,Burial,Untrue,2,2,2,2,2,4,3,3,1,1aaIYTqoRDzRUilU2Q6vTe,,electronic,tracks/1aaIYTqoRDzRUilU2Q6vTe.mp3
153,Ella Fitzgerald,The Nearness Of You,4,3,5,5,5,3,2,1,2,39CdOo5GPGSIdxWDvyyWkr,,jazz,tracks/39CdOo5GPGSIdxWDvyyWkr.mp3
154,Jessie Ware,Swan Song,2,2,2,3,5,2,1,2,3,708jomIP1WJkoinbSJxOGm,,funk_soul,tracks/708jomIP1WJkoinbSJxOGm.mp3
155,The Cinematic Orchestra,Ma Fleur,3,2,4,4,5,2,2,2,3,3AqPL1n1wKc5DVFFnYuJhp,,electronic,tracks/3AqPL1n1wKc5DVFFnYuJhp.mp3
156,Good Charlotte,March On,3,2,2,2,4,2,1,1,4,5aj1QFI3B492gzMXgioTqe,,rock,tracks/5aj1QFI3B492gzMXgioTqe.mp3
157,Perlla,No Meu Comando,2,2,1,2,1,4,3,2,1,4A1xnjGKCJWxa6VnUHKdvl,,funk_soul,tracks/4A1xnjGKCJWxa6VnUHKdvl.mp3
158,of Montreal,Oslo In The Summertime,2,2,2,2,3,4,2,3,2,3aWcuInJ6nPVUey0wDQQUL,,pop,tracks/3aWcuInJ6nPVUey0wDQQUL.mp3
159,BANKS,Beggin for Thread,2,3,2,2,2,2,3,2,2,4PvD06Pmbm2rHG2JjSlElF,,electronic,tracks/4PvD06Pmbm2rHG2JjSlElF.mp3
160,The Whispers,Rock Steady,2,2,5,2,2,5,3,1,1,1YCsTFttuHAzgfEWKdOb9K,,funk_soul,tracks/1YCsTFttuHAzgfEWKdOb9K.mp3
161,Beyoncï¿½,Halo,5,5,5,5,4,5,5,3,3,4JehYebiI9JE8sR8MisGVb,,pop,tracks/4JehYebiI9JE8sR8MisGVb.mp3
162,Passion Pit,Sleepyhead,2,2,2,1,2,5,3,3,1,4prEPl61C8qZpeo3IkYSMl,,electronic,tracks/4prEPl61C8qZpeo3IkYSMl.mp3
163,Edwin McCain,I Could Not Ask for More,4,2,4,4,4,2,4,2,2,14J3PO0VnhtcRa31r7Aj1L,,rock,tracks/14J3PO0VnhtcRa31r7Aj1L.mp3
164,Ace of Base,All That She Wants,3,3,5,3,4,5,4,1,2,6kWJvPfC4DgUpRsXKNa9z9,,pop,tracks/6kWJvPfC4DgUpRsXKNa9z9.mp3
165,Duke Ellington,Sophisticated Lady,3,3,5,5,5,3,2,2,2,2ua1p76h5Yy2u3dVZ9Qb0l,,jazz,tracks/2ua1p76h5Yy2u3dVZ9Qb0l.mp3
166,Sï¿½rgio Mendes,Mas que nada,2,3,3,2,4,5,3,2,1,6U7GUjtamt2P0LcFod1dBT,,jazz,tracks/6U7GUjtamt2P0LcFod1dBT.mp3
167,Trailerpark,Schlechter Tag,4,5,1,2,1,5,1,3,1,,Ugkxf5fmFiQEz9AO6cjfIswgzRsJmSFsHTQ4,hip_hop,tracks/Ugkxf5fmFiQEz9AO6cjfIswgzRsJmSFsHTQ4.mp3
168,Desiigner,Panda,5,2,1,2,2,5,5,2,1,275a9yzwGB6ncAW4SxY7q3,UgkxQz5bPiHchdgU1Ie2V9uYNUt_ovZ6pl5O,hip_hop,tracks/UgkxQz5bPiHchdgU1Ie2V9uYNUt_ovZ6pl5O.mp3
169,NAS,Doo Rags,5,5,4,5,4,5,5,1,1,2XQrvYopdCkOenX4Z5CdV7,UgkxHgPXHI3iwijH2ubl4ECPZWr71pOH2kNY,hip_hop,tracks/UgkxHgPXHI3iwijH2ubl4ECPZWr71pOH2kNY.mp3
170,DMX,X Gon' Give It To Ya,4,2,2,2,2,5,5,1,1,1zzxoZVylsna2BQB65Ppcb,UgkxMeHC_SJHx7meQn7dBLWcFSeJvrcjj8dO,hip_hop,tracks/UgkxMeHC_SJHx7meQn7dBLWcFSeJvrcjj8dO.mp3
171,Xatar,Meine Groï¿½e Liebe,2,4,1,2,1,4,4,1,1,7H1xPBRWYLhPGluTUDUYOw,UgkxFhBctjHXvMsHAcraQU2xMxEYvWxFm_wL,hip_hop,tracks/UgkxFhBctjHXvMsHAcraQU2xMxEYvWxFm_wL.mp3
172,Biggie Smalls,Hypnotize,5,3,5,2,4,5,4,2,1,6Tsu3OsuMz4KEGKbOYd6A0,Ugkxbp2QRLTD6BTCpZW-yKc0OFZeAW5I8r09,hip_hop,tracks/Ugkxbp2QRLTD6BTCpZW-yKc0OFZeAW5I8r09.mp3
173,Salt-N-Pepa,Shoop,3,2,2,1,2,5,5,1,1,0Pu71wxadDlB8fJXfjIjeJ,UgkxI8XA0Ss2SLFsfghG7NqcNGfMsRxxpZYv,hip_hop,tracks/UgkxI8XA0Ss2SLFsfghG7NqcNGfMsRxxpZYv.mp3
174,Prinz Pi,Laura,2,2,2,1,2,1,2,3,2,4pbTElMDaHrkLOfOv8nUdC,UgkxKywj4WMS6UIR12bQWx3DD6jYhjU0j1Em,hip_hop,tracks/UgkxKywj4WMS6UIR12bQWx3DD6jYhjU0j1Em.mp3
175,Black Eyed Peas,Where Is The Love,5,5,4,1,2,5,4,1,2,1FreAz1lmnDi5aKLB6GdFM,UgkxAcAvpg9Rn3wufSr74nt2XWz5VAoqurTl,hip_hop,tracks/UgkxAcAvpg9Rn3wufSr74nt2XWz5VAoqurTl.mp3
176,Blumio,Lass Mal ï¿½ber Haie Reden,2,2,1,1,2,5,4,4,1,2cdXF2fdd1q3wXg7VnxzEJ,,hip_hop,tracks/2cdXF2fdd1q3wXg7VnxzEJ.mp3
177,Cyne,One Day,2,2,2,2,3,5,4,2,1,46cmIQKXy7Ric5yNZ2tzde,,hip_hop,tracks/46cmIQKXy7Ric5yNZ2tzde.mp3
178,The Pharcyde,Passin' Me By,3,1,1,2,2,5,3,4,1,4G3dZN9o3o2X4VKwt4CLts,,hip_hop,tracks/4G3dZN9o3o2X4VKwt4CLts.mp3
179,Gucci Mane,Tone It Down,2,2,1,2,3,5,4,4,1,0iTCmKvuU1ReULiQB0rI7n,Ugkxf33sURscVNsNOPhtXYIqdKQs0QgGv_hU,hip_hop,tracks/Ugkxf33sURscVNsNOPhtXYIqdKQs0QgGv_hU.mp3
180,Jay-Z,The Story Of OJ,3,2,2,2,4,5,3,3,1,6JpN5w95em8SODPiM7W2PH,Ugkxwm41Q5LmH_RIy9Az47Y2TT8x2u_nW7f_,hip_hop,tracks/Ugkxwm41Q5LmH_RIy9Az47Y2TT8x2u_nW7f_.mp3
181,2Pac,All Eyez On Me,2,2,2,2,4,4,3,3,1,4VQNCzfZ3MdHEwwErNXpBo,,hip_hop,tracks/4VQNCzfZ3MdHEwwErNXpBo.mp3
182,K.I.Z.,Ein Affe und ein Pferd,2,2,1,1,2,5,5,5,1,3qM75mSV84LHHJqlITqZsk,UgkxnE8-rmtVlOk9mjkXNUzj7cbG0RTr0goh,hip_hop,tracks/UgkxnE8-rmtVlOk9mjkXNUzj7cbG0RTr0goh.mp3
183,LL Cool J,Around The Way Girl,3,2,2,3,5,5,3,1,1,4Qxv2L4JICAWLFrBV6QeH8,UgkxMbCDRF2FTSOAr1PU6OBHoM-fbiYzsRIR,hip_hop,tracks/UgkxMbCDRF2FTSOAr1PU6OBHoM-fbiYzsRIR.mp3
184,Coolio,Gangsta's Paradise,5,3,4,1,2,5,5,2,1,1DIXPcTDzTj8ZMHt3PDt8p,,hip_hop,tracks/1DIXPcTDzTj8ZMHt3PDt8p.mp3
185,Cardi B,Bodak Yellow,2,2,1,1,1,5,5,3,1,6KBYefIoo7KydImq1uUQlL,Ugkx48OuhuUKmNoCu9K_To4wgHRXCPr708xs,hip_hop,tracks/Ugkx48OuhuUKmNoCu9K_To4wgHRXCPr708xs.mp3
186,Killer Mike,A.D.I.D.A.S.,3,1,1,1,3,5,2,2,1,3ghaPXI1bdNDeYpfCEv1Gw,UgkxiSdeQAHTlSYSQp1Dzp5rOMLKzJAF_m_3,hip_hop,tracks/UgkxiSdeQAHTlSYSQp1Dzp5rOMLKzJAF_m_3.mp3
187,Beginner,Fï¿½chse,3,2,1,1,4,5,3,2,1,4vxjNphyAqPGR8KpuXPGoi,Ugkxg4DpwMmd0f6ft1dcr1UHjkgDVWqbUmQM,hip_hop,tracks/Ugkxg4DpwMmd0f6ft1dcr1UHjkgDVWqbUmQM.mp3
188,Scroobius Pip,Let 'Em Come,2,2,1,1,1,3,4,5,1,5iDkCenF5yMkweYTzvnxc0,UgkxNA0TGyZvRFpL5HfNxf5jL-Aos0_TMrjq,hip_hop,tracks/UgkxNA0TGyZvRFpL5HfNxf5jL-Aos0_TMrjq.mp3
189,SIDO,Fuffies Im Club,1,2,1,1,1,4,2,5,1,1A0b0yR0quuBByKQzASAvf,UgkxiDWo6SHEUI4jBlKNkh5hXdY_TZh5n84U,hip_hop,tracks/UgkxiDWo6SHEUI4jBlKNkh5hXdY_TZh5n84U.mp3
190,Chance The Rapper,Summer Friends,1,1,1,2,3,4,1,3,1,2fl0B0OaXjWbjHCQFx2O8W,Ugkx3xlTENI-JXgKuo3V07OjMtslbm5vFWD5,hip_hop,tracks/Ugkx3xlTENI-JXgKuo3V07OjMtslbm5vFWD5.mp3
191,Twentyone Pilots,Lane Boy,3,2,1,1,2,4,5,1,1,2P61EK6DMGyVyssLWS4fKy,Ugkx6eec1x4NPyH_99Itv46s6pLeG_41gm9x,hip_hop,tracks/Ugkx6eec1x4NPyH_99Itv46s6pLeG_41gm9x.mp3
192,BBou,Kanona,2,1,1,2,1,2,2,3,1,,Ugkx_GQpNV2nvUVSHHAdncjVQHIqQ_7MUNwf,hip_hop,tracks/Ugkx_GQpNV2nvUVSHHAdncjVQHIqQ_7MUNwf.mp3
193,The Roots,You Got Me,3,2,4,3,3,2,2,2,2,4pdLZsxq0y5oJDb6Cxlokw,Ugkxu01TdXlyzUBaA1uxYlVxUTn3Z0cXaUh5,hip_hop,tracks/Ugkxu01TdXlyzUBaA1uxYlVxUTn3Z0cXaUh5.mp3
194,Kanye West,Touch The Sky,3,2,3,2,3,5,3,1,1,2dxjKgT0li4qBI3QwuN9Ih,UgkxECNPyiKIoYY4_1W_zNYoxmgktMke-Sze,hip_hop,tracks/UgkxECNPyiKIoYY4_1W_zNYoxmgktMke-Sze.mp3
195,Pharoahe Monch,Let's Go,1,2,1,1,2,4,3,2,1,67c29TckQ1LtejsU6USqvG,Ugkx_7x4uFOt1eXD_KeuDY4hwqVAbulrtRUg,hip_hop,tracks/Ugkx_7x4uFOt1eXD_KeuDY4hwqVAbulrtRUg.mp3
196,Eminem,Mockingbird,4,2,5,2,2,2,2,3,5,561jH07mF1jHuk7KlaeF0s,Ugkxgie5MI-cRMFrgZHXb5x44t3tkLgpM5CJ,hip_hop,tracks/Ugkxgie5MI-cRMFrgZHXb5x44t3tkLgpM5CJ.mp3
197,Eminem,Rap God,5,4,2,2,2,5,5,4,1,6or1bKJiZ06IlK0vFvY75k,UgkxrDhQWgXdqNyuTc7tw5ecNLbYAppxo_jj,hip_hop,tracks/UgkxrDhQWgXdqNyuTc7tw5ecNLbYAppxo_jj.mp3
198,Freundeskreis,A-N-N-A,1,2,3,3,4,1,1,2,2,6EWtkdeKmVtRjmydTfIR0S,UgkxMgl6-aZs6hkIbjgGKbpferte9SbBUBnx,hip_hop,tracks/UgkxMgl6-aZs6hkIbjgGKbpferte9SbBUBnx.mp3
199,Eminem,Lose Yourself,4,3,4,2,3,5,5,2,1,7MJQ9Nfxzh8LPZ9e9u68Fq,UgkxpFGqBJ32ORfzd4DhgSOtxi95nKPJclM2,hip_hop,tracks/UgkxpFGqBJ32ORfzd4DhgSOtxi95nKPJclM2.mp3
200,Travis Scott,Antidote,2,2,2,1,2,5,4,3,1,1wHZx0LgzFHyeIZkUydNXq,UgkxH_KgkMKJXtZ87XO7APEaNnSMxNi5L-3n,hip_hop,tracks/UgkxH_KgkMKJXtZ87XO7APEaNnSMxNi5L-3n.mp3
201,Kendrick Lamar,Cartoons & Cereal,2,3,1,1,1,5,3,5,1,,UgkxABWx8IMDZ1ygX9cK_u6KoTxrBq3P8ySu,hip_hop,tracks/UgkxABWx8IMDZ1ygX9cK_u6KoTxrBq3P8ySu.mp3
202,Kanye West,Runaway,2,1,2,2,2,4,1,4,2,3DK6m7It6Pw857FcQftMds,UgkxvrHQRM-a4RVDO6Hq0k09yxHmzCm20VwZ,hip_hop,tracks/UgkxvrHQRM-a4RVDO6Hq0k09yxHmzCm20VwZ.mp3
203,Jay-Z,99 Problems,2,2,1,1,2,5,5,3,1,7IdFdRlCjUi6kkhbPoRfnw,Ugkx57VaIZOdBBg6E3ZPJxd9Ej8E7jqqCyqQ,hip_hop,tracks/Ugkx57VaIZOdBBg6E3ZPJxd9Ej8E7jqqCyqQ.mp3
204,50 Cent,In Da Club,2,1,2,1,3,5,4,2,1,7iL6o9tox1zgHpKUfh9vuC,UgkxPTUGD757NZE04L5T2DQ0oFPpRTI64qKI,hip_hop,tracks/UgkxPTUGD757NZE04L5T2DQ0oFPpRTI64qKI.mp3
205,Akua Naru,Poetry: How Does It Feel,3,2,3,4,5,2,1,2,1,0SQg86odv33piyPWPgNpBM,UgkxaI7IEJFGmNuo3apwunshxwOL6L0qkv-L,hip_hop,tracks/UgkxaI7IEJFGmNuo3apwunshxwOL6L0qkv-L.mp3
206,OutKast,B.O.B.,2,2,1,1,2,5,5,4,1,3WibbMr6canxRJXhNtAvLU,UgkxubyVQJjx7WtuqLhLzUBEEkMSHEXoPqZH,hip_hop,tracks/UgkxubyVQJjx7WtuqLhLzUBEEkMSHEXoPqZH.mp3
207,Jedi Mind Tricks,Deathbed Doctrine,2,2,1,1,1,5,5,3,1,1i74MnweHIH0Lt4upFKP9I,UgkxZf3ZvxAYVnURNwwMij2hPwJpcszJE8nv,hip_hop,tracks/UgkxZf3ZvxAYVnURNwwMij2hPwJpcszJE8nv.mp3
208,Bushido,Leben Und Tod Des Kenneth Glï¿½ckler,3,3,1,1,2,4,5,3,1,3ai0DFuYn5KnHPUbRjAkga,,hip_hop,tracks/3ai0DFuYn5KnHPUbRjAkga.mp3
209,Beastie Boys,Fight For Your Right,4,2,2,1,1,5,5,4,1,5NLuC70kZQv8q34QyQa1DP,UgkxLiBRjEcNV1_KdoYV9fExBB4JoIZqPXl1,hip_hop,tracks/UgkxLiBRjEcNV1_KdoYV9fExBB4JoIZqPXl1.mp3
210,Action Bronson,Actin Crazy,2,2,1,1,3,4,3,4,1,3clX2NMmjaAHmBjeTSa9vV,UgkxB6BmDvjHIlfMegxsTkAL3QsvWuGjqc8U,hip_hop,tracks/UgkxB6BmDvjHIlfMegxsTkAL3QsvWuGjqc8U.mp3
211,Immortal Technique,Leaving the past,3,4,3,1,2,3,2,3,3,6msTUCqIfVOWe7pzWGzh6F,,hip_hop,tracks/6msTUCqIfVOWe7pzWGzh6F.mp3
212,SSIO,Nullkommaneun,2,3,1,1,1,5,3,5,1,3cLXgIlvugVKpWBmO5v9oy,UgkxIoxnqhDJAYNa8D04h4ErsP8RkqaPXWqW,hip_hop,tracks/UgkxIoxnqhDJAYNa8D04h4ErsP8RkqaPXWqW.mp3
213,Wu-Tang Clan,Da Mystery Of Chessboxin',2,2,1,1,1,5,5,4,1,4xOTVtbCPcfxMs2hSt9D6i,UgkxPqDxvyBR6wzkoSa7KlaX4AXcGGFvDJRp,hip_hop,tracks/UgkxPqDxvyBR6wzkoSa7KlaX4AXcGGFvDJRp.mp3
214,Post Malone,Congratulations,3,1,4,1,4,5,4,2,1,3a1lNhkSLSkpJE4MSHpDu9,UgkxjrIgYcrqFAJNCFiuffHJETXyCoL3-eMX,hip_hop,tracks/UgkxjrIgYcrqFAJNCFiuffHJETXyCoL3-eMX.mp3
215,D-12,Fight Music,1,2,1,1,1,5,5,4,1,3vBv2Tp0kHyBDUBZJr9GXQ,UgkxfSmvrq1hqByszPlR8lZYn7VfLMdBP7xj,hip_hop,tracks/UgkxfSmvrq1hqByszPlR8lZYn7VfLMdBP7xj.mp3
216,Jurassic 5,Work It Out,2,2,2,2,4,5,3,2,1,4wAjMtIbWBP3g1iETZRrg3,UgkxFIhSNhJ_Tb5dSX7vPyAIKk51jnpAln7v,hip_hop,tracks/UgkxFIhSNhJ_Tb5dSX7vPyAIKk51jnpAln7v.mp3
217,Logic,Black Spiderman,2,2,2,2,2,5,3,3,1,7BKUWh5sdtdS17crohRe4L,Ugkxpj2Jw4BiyVImQSw49snNHiZqIGXXXYfX,hip_hop,tracks/Ugkxpj2Jw4BiyVImQSw49snNHiZqIGXXXYfX.mp3
218,Jay Z,Hard Knock Life,3,2,3,3,3,5,2,2,1,0PncoISAGbKR9HRx5LEbhC,,hip_hop,tracks/0PncoISAGbKR9HRx5LEbhC.mp3
219,The Notorious B.I.G.,Juicy,3,2,2,2,4,5,3,1,1,2AP7m2dBb8ULTx4Gc1rdMc,UgkxrJMgPWDGPZXi53mg-mbkThj5shc2hAfc,hip_hop,tracks/UgkxrJMgPWDGPZXi53mg-mbkThj5shc2hAfc.mp3
220,N.E.R.D,Lemon,2,1,1,1,1,4,4,3,1,2LKlHBPHxLG5ArAXfF148n,UgkxZ_b33llhim3tA6TNrlUfEUDUNHizlvHW,hip_hop,tracks/UgkxZ_b33llhim3tA6TNrlUfEUDUNHizlvHW.mp3
221,50 Cent,Candy Shop,2,1,3,4,1,5,5,1,1,5D2mYZuzcgjpchVY1pmTPh,UgkxhZKaCibKVoF7D08iAtBOgJ6J7gBVqXh_,hip_hop,tracks/UgkxhZKaCibKVoF7D08iAtBOgJ6J7gBVqXh_.mp3
222,2Pac,Keep Ya Head Up,2,2,2,2,4,4,2,1,1,4Tttv4p2xuAq1LpQ7LI95E,,hip_hop,tracks/4Tttv4p2xuAq1LpQ7LI95E.mp3
223,Geto Boys,Mind Playing Tricks On Me,2,2,1,1,2,3,2,5,1,63BokRfXSQhEU6Qi2dSJpZ,Ugkxh5BeP6KcqjdYlVYhmGNbpjHeqZ1rbhrL,hip_hop,tracks/Ugkxh5BeP6KcqjdYlVYhmGNbpjHeqZ1rbhrL.mp3
224,NAS,If I Ruled The World (Imagine That),2,3,1,1,3,4,4,2,1,5PQmSHzWnlgG4EBuIqjac2,UgkxQFUMB9ZvzMD0TTOh5xu6fX-aFVRuwjJP,hip_hop,tracks/UgkxQFUMB9ZvzMD0TTOh5xu6fX-aFVRuwjJP.mp3
225,OutKast,Ms. Jackson,4,1,5,1,1,5,2,2,1,0I3q5fE6wg7LIfHGngUTnV,,hip_hop,tracks/0I3q5fE6wg7LIfHGngUTnV.mp3
226,Kendrick Lamar,i,1,1,1,1,1,4,2,4,1,7wdzLe2Gsx1RGqbvYZHASz,UgkxS_Zf6GeAQ5Wb_1Gfdz-EVBhrebmlb6Yn,hip_hop,tracks/UgkxS_Zf6GeAQ5Wb_1Gfdz-EVBhrebmlb6Yn.mp3
227,Kanye West,Gold Digger,4,1,4,1,2,5,5,2,1,1PS1QMdUqOal0ai3Gt7sDQ,UgkxybNuZJ2bizLIpsayCS2Ic_hs6eynvZ3L,hip_hop,tracks/UgkxybNuZJ2bizLIpsayCS2Ic_hs6eynvZ3L.mp3
228,Max Herre,1Ste Liebe,2,1,2,2,3,3,1,3,1,20xi5ZLlmFLqXtsoNlcqYs,UgkxPYKNzlOjeAyCaSpcaSrt1ej0Bag694wV,hip_hop,tracks/UgkxPYKNzlOjeAyCaSpcaSrt1ej0Bag694wV.mp3
229,Future,Mask Off,3,1,2,1,1,5,4,3,1,0VgkVdmE4gld66l8iyGjgx,Ugkx5J3xH7SZ9jDFtpl8pdxAnMiSb-GPCrhY,hip_hop,tracks/Ugkx5J3xH7SZ9jDFtpl8pdxAnMiSb-GPCrhY.mp3
230,Ice Cube,It Was A Good Day,1,1,2,1,3,3,2,3,1,2GrOq1y5gksYrqkc8Jzl9T,Ugkx7zgQVqyx27SS463zhiTuKgY6TFpsLk_D,hip_hop,tracks/Ugkx7zgQVqyx27SS463zhiTuKgY6TFpsLk_D.mp3
231,eRRdeKa,EdoppelR,2,1,1,1,2,4,2,3,1,,UgkxBl1mEDuDJTcfug2835bM33WCjugjBM_p,hip_hop,tracks/UgkxBl1mEDuDJTcfug2835bM33WCjugjBM_p.mp3
232,Yung Hurn,Bianco,2,1,1,1,3,3,1,4,1,1vfVPUkl5v0HXWCEgQJHOf,Ugkx5iVePlCYZzdnY4V8kkaoil1K4vkCmpyC,hip_hop,tracks/Ugkx5iVePlCYZzdnY4V8kkaoil1K4vkCmpyC.mp3
233,Blackalicious,Alphabet Aerobics,4,3,1,1,2,5,4,4,1,4z5L0qDduw3w1apQ4Qa6KV,Ugkxn3EzDMNazJQMMWZfJLQeBxQKUpz2R7ik,hip_hop,tracks/Ugkxn3EzDMNazJQMMWZfJLQeBxQKUpz2R7ik.mp3
234,SSIO,Sim-Karte,2,2,1,1,2,5,4,4,1,4boJTTrr04CNomqZj9SJ4f,UgkxysIgcy_4uD84L41xB_BHI_cyFy2D92pI,hip_hop,tracks/UgkxysIgcy_4uD84L41xB_BHI_cyFy2D92pI.mp3
235,Drake,Too Much,3,2,4,2,3,3,3,2,1,5LnXWeA9tuWKI2C1H74iiJ,UgkxwsSGKlnDB4tYHlE1dMUzGlV0JJVOL7ce,hip_hop,tracks/5LnXWeA9tuWKI2C1H74iiJ.mp3
236,A$AP Rocky,Fashion Killa,1,2,2,2,2,3,2,3,1,0O3TAouZE4vL9dM5SyxgvH,Ugkxu0uQao7t41a26OSEZ7X5EmP5WVH8UbUs,hip_hop,tracks/Ugkxu0uQao7t41a26OSEZ7X5EmP5WVH8UbUs.mp3
237,Obie Trice,Got some Teeth,1,2,2,1,2,5,5,3,1,7tszeVkfxO5ISkjZWpIG88,UgkxwngwihkN9iE0tExYaydT7DaUT-rgeFqa,hip_hop,tracks/UgkxwngwihkN9iE0tExYaydT7DaUT-rgeFqa.mp3
238,CunninLynguists,Love Ain't,2,3,3,1,2,5,5,3,1,6qfna7A7WvUwyNoqVwbhnc,UgkxlI263XMJfcPHUJwbehVTwCNmkArawAfE,hip_hop,tracks/UgkxlI263XMJfcPHUJwbehVTwCNmkArawAfE.mp3
239,Jay-Z,Ni**as In Paris,3,2,3,1,1,5,5,4,1,4Li2WHPkuyCdtmokzW2007,UgkxAPRwScOtAsH7lNmTXrrFrOPHFa8aEtuP,hip_hop,tracks/UgkxAPRwScOtAsH7lNmTXrrFrOPHFa8aEtuP.mp3
240,CunninLynguists,Valley of Death,3,4,3,1,1,4,3,2,1,3rvuvqoC0zvoUkog7EKLMv,,hip_hop,tracks/3rvuvqoC0zvoUkog7EKLMv.mp3
241,Eminem,Till I Collapse,3,4,2,1,1,5,5,3,1,4xkOaSrkexMciUUogZKVTS,UgkxUbcbREprQ8lxVaIbuvzZ570V5w_eNiON,hip_hop,tracks/UgkxUbcbREprQ8lxVaIbuvzZ570V5w_eNiON.mp3
242,Kendrick Lamar,Rigamortus,2,1,1,1,2,5,4,5,1,2lD6AoA8qf2t4Dkf2TcmNK,Ugkx4ADkHLGNj1m5ztwo08fC9cfse41HUoAj,hip_hop,tracks/Ugkx4ADkHLGNj1m5ztwo08fC9cfse41HUoAj.mp3
243,Chinese Man,I've Got That Tune,4,2,2,2,4,5,4,2,1,6ZOeDXutLpSGqA1sSL6LrL,Ugkxl8V8xIDseh5mZvsg3Ry96BpP--D9opcP,hip_hop,tracks/Ugkxl8V8xIDseh5mZvsg3Ry96BpP--D9opcP.mp3
244,Kendrick Lamar,Alright,2,1,1,1,1,4,2,3,1,3iVcZ5G6tvkXZkZKlMpIUs,UgkxPHROtDPzARhhsdqX8YLXqcNPRExmYyGh,hip_hop,tracks/UgkxPHROtDPzARhhsdqX8YLXqcNPRExmYyGh.mp3
245,Eminem,Shake That,2,1,2,1,2,5,2,2,1,0fGh0trRN1xz3s41r7V5ce,WrjwGPb0Hvw?start=167,hip_hop,tracks/0fGh0trRN1xz3s41r7V5ce.mp3
246,Immortal Technique,Freedom Of Speech,2,1,1,1,2,4,2,4,1,6fx3RqwMuR3k7M1bCpUFKJ,,hip_hop,tracks/6fx3RqwMuR3k7M1bCpUFKJ.mp3
247,Sage Francis,Crack Pipes,2,3,2,1,1,2,3,4,2,0BbYnQHDdUNO5e38PK3GOX,Ugkxcgjs2MEX3oDUTZJGrphrfKkoNRg_44aL,hip_hop,tracks/Ugkxcgjs2MEX3oDUTZJGrphrfKkoNRg_44aL.mp3
248,Blackstreet,No Diggity,4,1,3,2,4,5,2,1,1,6MdqqkQ8sSC0WB4i8PyRuQ,Ugkx0UsizXtbMI2zJPi4AObyTIb0gJmK0KYB,hip_hop,tracks/Ugkx0UsizXtbMI2zJPi4AObyTIb0gJmK0KYB.mp3
249,NAS,N.Y. State of Mind,1,2,1,1,1,4,4,5,1,0trHOzAhNpGCsGBEu7dOJo,UgkxcIw-zmh7aFX4IwPWGXjuVNMj17Xr2DKa,hip_hop,tracks/UgkxcIw-zmh7aFX4IwPWGXjuVNMj17Xr2DKa.mp3
250,Nicki Minaj,Moment 4 Life,2,4,1,1,1,5,5,2,1,1ia019RqDK2o4QiANR1Dyn,UgkxhOH25PgSEUkU5mNTRLHHQ-V3kL7OKMyU,hip_hop,tracks/UgkxhOH25PgSEUkU5mNTRLHHQ-V3kL7OKMyU.mp3
251,Missy Elliott,Work It,2,2,1,1,1,5,3,3,1,3jagJCUbdqhDSPuxP8cAqF,,hip_hop,tracks/3jagJCUbdqhDSPuxP8cAqF.mp3
252,Marteria,Kids,1,2,1,1,2,5,2,3,1,6lxTIMeCLEkj48TlCRG3XX,UgkxkOCPBrbry70xR48trTHolY2-UZ16kstQ,hip_hop,tracks/UgkxkOCPBrbry70xR48trTHolY2-UZ16kstQ.mp3
253,Wiz Khalifa,"Young, Wild & Free",4,2,4,2,2,5,3,3,1,5HQVUIKwCEXpe7JIHyY734,UgkxCvIDJmDT3LI2bByGdPRUfLQcjUwxCj63,hip_hop,tracks/UgkxCvIDJmDT3LI2bByGdPRUfLQcjUwxCj63.mp3
254,Why SL Know Plug,Rite Back,2,2,1,1,1,5,3,2,1,5c2LdL9xlXX0CyPry5UDIR,UgkxtqzDFHjQIkX5tSVrUyjyEoXFIbxKSV7b,hip_hop,tracks/UgkxtqzDFHjQIkX5tSVrUyjyEoXFIbxKSV7b.mp3
255,Black Hippy,Control,1,2,1,1,1,4,3,5,1,18lRXAROle06PhNpCqRoSV,Ugkxg8OwJw0DMFF2Ayuk6j2JOpgKQ3YH657w,hip_hop,tracks/Ugkxg8OwJw0DMFF2Ayuk6j2JOpgKQ3YH657w.mp3
256,Dr. Dre,Still D.R.E.,3,2,4,1,3,5,5,2,1,503OTo2dSqe7qk76rgsbep,UgkxdRaji-a4BT10TlHVMim4VkgyR10J4JTP,hip_hop,tracks/UgkxdRaji-a4BT10TlHVMim4VkgyR10J4JTP.mp3
257,Haftbefehl,Lass Die Affen Aus'm Zoo,1,2,1,1,1,4,4,5,1,6QNgcN2uHhXJG4RWDPyQQF,Ugkxmy_ga4iNe70znKUgLpNdaPv6HYgHWJUp,hip_hop,tracks/Ugkxmy_ga4iNe70znKUgLpNdaPv6HYgHWJUp.mp3
258,J. Cole,Wet Dreamz,5,2,3,3,4,5,4,2,1,4tqcoej1zPvwePZCzuAjJd,UgkxVxedlvq78WoVJgVDYux2zHCgEQ8IOTgq,hip_hop,tracks/UgkxVxedlvq78WoVJgVDYux2zHCgEQ8IOTgq.mp3
259,Dr. Dre,Nuthin' But A G thang,3,1,2,1,3,5,4,2,1,4YtoipFgf4k0AfD17ZfD5X,,hip_hop,tracks/4YtoipFgf4k0AfD17ZfD5X.mp3
260,Soul Position,Priceless,2,1,1,1,3,5,1,2,1,7I4ozG1g4D5H7FvKkMe27n,UgkxYUpu9BAz8-d7_Q0IPPLGibsj2-B7BOm8,hip_hop,tracks/UgkxYUpu9BAz8-d7_Q0IPPLGibsj2-B7BOm8.mp3
261,Die Orsons,Ventilator,2,1,1,1,1,4,1,3,1,5j9djud18VQob3Ec3FUoy0,UgkxGRvWV0EKHd0SfJ1IW6htTS0h35VmxMga,hip_hop,tracks/UgkxGRvWV0EKHd0SfJ1IW6htTS0h35VmxMga.mp3
262,Method Man,Part II,3,1,1,1,3,5,3,2,1,2n7h09QrGitVul66b2D8Re,UgkxrWMSp4Za-R9LoFhFoBBz_-kue64UEhtF,hip_hop,tracks/UgkxrWMSp4Za-R9LoFhFoBBz_-kue64UEhtF.mp3
263,Public Enemy,Harder Than You Think,4,2,1,1,2,5,5,3,1,5YpZh8wfS4moRBk0ijNcXr,UgkxpVOO0TSOqDoD9F6HShVu3Th8Pvs-qxbq,hip_hop,tracks/UgkxpVOO0TSOqDoD9F6HShVu3Th8Pvs-qxbq.mp3
264,Mattafix,Big City Life,4,3,3,2,4,5,3,2,1,4stm6lf1vQBSl7Eq4Npzr0,UgkxSGQfRxnFhbwBogiTRiiADnSJ5HdoUsYa,hip_hop,tracks/UgkxSGQfRxnFhbwBogiTRiiADnSJ5HdoUsYa.mp3
265,Tyler The Creator,Yonkers,2,1,1,1,1,3,5,5,1,3WQlJpaUUbGtUqAskvGA7c,Ugkxq3Gph_4kLF6SklCby3vSJayTHDuPi7LY,hip_hop,tracks/3WQlJpaUUbGtUqAskvGA7c.mp3
266,Green Day,Know Your Enemy,3,3,5,1,2,5,5,2,1,5qtwzv99vOr5UTwnTixn7j,,rock,tracks/5qtwzv99vOr5UTwnTixn7j.mp3
267,AedFX,Warning,2,2,1,1,2,5,3,5,1,3mHgqUyhKCBo2PKh18sWeo,,hip_hop,tracks/3mHgqUyhKCBo2PKh18sWeo.mp3
268,brillion,Aurora,3,2,5,5,5,2,1,1,1,3dsMce7p7FYwsxvHZQuaRP,,hip_hop,tracks/3dsMce7p7FYwsxvHZQuaRP.mp3
269,Claptu,sad octopus,3,2,5,4,5,1,1,1,1,6IGd96b2eVkKVhwCW1NJ1e,,hip_hop,tracks/6IGd96b2eVkKVhwCW1NJ1e.mp3
270,Claptu,Aper,2,2,5,5,5,1,1,2,1,4tC89UWVzU3PqdqdiQbAdo,,hip_hop,tracks/4tC89UWVzU3PqdqdiQbAdo.mp3
271,DECAP,Panther,2,3,1,1,1,4,2,5,1,1WmdcotlVastYfmwlvK7x2,,hip_hop,tracks/1WmdcotlVastYfmwlvK7x2.mp3
272,Dexter,Everyday Like This,2,1,1,2,2,4,2,3,1,1IjtbDa43lCjIbClrprdrP,,hip_hop,tracks/1IjtbDa43lCjIbClrprdrP.mp3
273,Dj Shadow,Building Steam With A Grain of Salt,2,2,1,1,2,3,2,5,1,4cucslsiEgezV2o900Ykg3,,hip_hop,tracks/4cucslsiEgezV2o900Ykg3.mp3
274,Idealism,controlla,3,2,5,4,5,2,1,1,2,7woCxOw0jmj65ohlQ3x0tH,,hip_hop,tracks/7woCxOw0jmj65ohlQ3x0tH.mp3
275,Joey Pecoraro,Your Favorite Place,4,5,4,5,5,3,2,2,1,2p6es5NEF5CBRrKC1lJHri,,hip_hop,tracks/2p6es5NEF5CBRrKC1lJHri.mp3
276,Lord Finesse,Midas Era,3,3,2,1,4,5,2,3,1,6v0AYQ5YoF51yzGY0v0Dyg,,hip_hop,tracks/6v0AYQ5YoF51yzGY0v0Dyg.mp3
277,Philanthrope,pueblo,2,3,4,3,5,2,1,1,1,3oYUtjjvbSxN40CQ71ZvTd,,hip_hop,tracks/3oYUtjjvbSxN40CQ71ZvTd.mp3
278,Suff Daddy,K C Vodka,1,1,1,1,2,3,2,4,1,701ScIvdwIVub5swI6ObLG,,hip_hop,tracks/701ScIvdwIVub5swI6ObLG.mp3
279,The Deli,5:32pm,2,3,5,4,5,2,1,2,1,7qrBYrivpvfXUPBMmqh3dA,,hip_hop,tracks/7qrBYrivpvfXUPBMmqh3dA.mp3
280,Tom Doolie,Blue Book,2,2,5,4,5,2,1,2,1,3E4LT4SvrEhGKIzyAeezEa,,hip_hop,tracks/3E4LT4SvrEhGKIzyAeezEa.mp3
281,No Spirit,Glowing Lights,1,2,3,3,5,1,1,1,1,3KunPHIvhxrUaHny2Z1J9w,,hip_hop,tracks/3KunPHIvhxrUaHny2Z1J9w.mp3
282,Rancid,Time Bomb,1,1,3,1,1,5,4,3,1,41kg2RvdwBuIv0OPpvBS4v,,rock,tracks/41kg2RvdwBuIv0OPpvBS4v.mp3
283,Amy Winehouse,I Heard Love Is Blind,4,2,3,4,5,5,1,1,1,3Li4nWTnkUu19vxkhNW9td,,jazz,tracks/3Li4nWTnkUu19vxkhNW9td.mp3
284,Madeleine Peyroux,To Love You All Over Again,3,3,5,4,5,2,1,1,4,4EPwpBN0t11bIxjsAI8oaF,,jazz,tracks/4EPwpBN0t11bIxjsAI8oaF.mp3
285,Paradise Lost,Faith Divides Us - Death Unites Us,2,3,2,1,1,2,5,5,3,5gOjvocmJZQ05QBSE9xIkR,,rock,tracks/5gOjvocmJZQ05QBSE9xIkR.mp3
286,Fafï¿½ de Belï¿½m,Foi Assim,2,2,4,3,4,2,2,1,2,55snJzt0NFIY0unGMjMuw9,,jazz,tracks/55snJzt0NFIY0unGMjMuw9.mp3
287,Lucky Twice,Lucky,2,2,4,3,2,5,5,2,1,4Td50xcLZQOrOHQeG0vULJ,,pop,tracks/4Td50xcLZQOrOHQeG0vULJ.mp3
288,t.A.T.u.,All the Things She Said,4,3,4,3,2,5,5,2,2,4bJygwUKrRgq1stlNXcgMg,,pop,tracks/4bJygwUKrRgq1stlNXcgMg.mp3
289,Daft Punk,Lose Yourself To Dance,2,3,2,1,2,5,4,2,2,5CMjjywI0eZMixPeqNd75R,,funk_soul,tracks/5CMjjywI0eZMixPeqNd75R.mp3
290,Cult of Luna,Thirtyfour,1,2,2,1,1,2,5,5,2,59mzCn4G9KcuIWoksoe2aq,,rock,tracks/59mzCn4G9KcuIWoksoe2aq.mp3
291,Fergie,Big Girls Don't Cry,2,3,4,3,4,5,4,1,3,3Q4WeJmzxuDpzMu9QjQqbM,,pop,tracks/3Q4WeJmzxuDpzMu9QjQqbM.mp3
292,Thievery Corporation,The Richest Man in Babylon,2,2,2,2,4,5,4,2,1,20F3FcES8KU4kffMCkFgNN,,electronic,tracks/20F3FcES8KU4kffMCkFgNN.mp3
293,Kylie Minogue,Skirt,2,2,2,2,1,5,5,4,1,4HS4veWZYPzHvEmVxrVEoy,,electronic,tracks/4HS4veWZYPzHvEmVxrVEoy.mp3
294,Sia,The Church of What's Happening Now,5,5,5,5,5,2,2,2,5,2NIq6qD7oM7SRT0C7kobr5,,electronic,tracks/2NIq6qD7oM7SRT0C7kobr5.mp3
295,The Weather Girls,It's Raining Men,4,4,5,3,1,5,5,1,1,4caiYv89C9GZdDD1RzshWd,,funk_soul,tracks/4caiYv89C9GZdDD1RzshWd.mp3
296,blink-182,Online Songs,2,1,4,1,2,5,5,2,1,2DcxTfOm8y2UgeP81qdidR,,rock,tracks/2DcxTfOm8y2UgeP81qdidR.mp3
297,Darren Styles,Cutting Deep,2,4,1,1,1,5,5,4,1,2GOGJIN0VMUFrHtyKvmkQn,,electronic,tracks/2GOGJIN0VMUFrHtyKvmkQn.mp3
298,Leo Sayer,More Than I Can Say,2,3,4,3,5,2,2,1,2,3RJ81z1sPLeWEFuCfGaCLC,,rock,tracks/3RJ81z1sPLeWEFuCfGaCLC.mp3
299,Air Supply,The One That You Love,3,3,4,5,3,3,2,1,4,3FDAd5vW4P7xe1GBNOLyfD,,rock,tracks/3FDAd5vW4P7xe1GBNOLyfD.mp3
300,Mr. Mister,Broken Wings,5,4,5,3,4,3,4,1,2,78FHUZRbFDCG6VkRAQdFLm,,rock,tracks/78FHUZRbFDCG6VkRAQdFLm.mp3
301,Hooverphonic,One,3,3,4,5,5,2,1,1,2,6g7ervcGNeDlHFQFXkcSzS,,electronic,tracks/6g7ervcGNeDlHFQFXkcSzS.mp3
302,Paul McCartney,The Lovely Linda,3,2,5,4,5,4,1,1,2,0Ca2mDERpTFmnttcSt9UcR,,rock,tracks/0Ca2mDERpTFmnttcSt9UcR.mp3
303,Owl City,Lucid Dream,4,4,4,3,5,4,2,1,1,4icP6VWlKBLIHzl0bBD4xw,,electronic,tracks/4icP6VWlKBLIHzl0bBD4xw.mp3
304,Stevie Wonder,I Just Called to Say I Love You,4,2,5,5,5,5,2,1,2,6RNDeRnWsRMjPdNVgupZCs,,funk_soul,tracks/6RNDeRnWsRMjPdNVgupZCs.mp3
305,Massive Attack,Mezzanine,2,4,3,1,3,2,3,5,3,67Hna13dNDkZvBpTXRIaOJ,,electronic,tracks/67Hna13dNDkZvBpTXRIaOJ.mp3
306,Solitude Aeturnus,Seeds of the Desolate,1,2,2,1,1,1,3,5,1,7emF3lKU8NmkrlmDXUTYER,,rock,tracks/7emF3lKU8NmkrlmDXUTYER.mp3
307,"Chunk! No, Captain Chunk!",So Close and Yet So Far,2,1,4,2,2,5,5,3,2,4nYV0FQkrOXzruL4xFlKmL,,rock,tracks/4nYV0FQkrOXzruL4xFlKmL.mp3
308,Sam Smith,Stay with Me,2,2,4,5,5,3,2,1,5,5Nm9ERjJZ5oyfXZTECKmRt,,funk_soul,tracks/5Nm9ERjJZ5oyfXZTECKmRt.mp3
309,The Platters,My Prayer,5,4,5,5,5,3,2,1,3,1ntGJDSakqsaw1KhptKrB5,,funk_soul,tracks/1ntGJDSakqsaw1KhptKrB5.mp3
310,Skrillex,First of the Year (Equinox),1,2,2,1,1,2,3,5,1,5i7fZq3chLyCHo3VeB6goD,,electronic,tracks/5i7fZq3chLyCHo3VeB6goD.mp3
311,Sarah McLachlan,Elsewhere,3,2,5,5,5,1,1,1,5,1hBi66N1p1QyvFTHjnH2jv,,rock,tracks/1hBi66N1p1QyvFTHjnH2jv.mp3
312,Lakeside,Fantastic Voyage,3,2,3,1,2,5,4,2,1,0rc9Uwm4vmnQEfx5omLWWF,,funk_soul,tracks/0rc9Uwm4vmnQEfx5omLWWF.mp3
313,My Dying Bride,For My Fallen Angel,5,4,4,5,5,1,3,2,5,5oVSFQUi1hBYYRiNeOwfWy,,rock,tracks/5oVSFQUi1hBYYRiNeOwfWy.mp3
314,St. Vincent,I Prefer Your Love,3,3,4,2,5,1,2,1,3,0Snb87Z4Zdn6YFMicWA7gx,,pop,tracks/0Snb87Z4Zdn6YFMicWA7gx.mp3
315,Wild Cherry,Play That Funky Music,3,4,5,2,4,5,5,1,1,5uuJruktM9fMdN9Va0DUMl,,funk_soul,tracks/5uuJruktM9fMdN9Va0DUMl.mp3
316,Sandy,Aquela dos 30,3,2,2,2,2,5,3,2,1,13P1ZQvK9lejmHM6h8Pnbk,,pop,tracks/13P1ZQvK9lejmHM6h8Pnbk.mp3
317,Modern Talking,"You're My Heart, You're My Soul",1,1,2,2,2,4,2,2,1,0Zn63G0XTiqXwr1KSmARWz,,pop,tracks/0Zn63G0XTiqXwr1KSmARWz.mp3
318,Karma Fields,Build The Cities (feat. Kerli),1,2,1,1,1,4,5,4,1,50fO3coGeBVITFxiYlHSDs,,electronic,tracks/50fO3coGeBVITFxiYlHSDs.mp3
319,Hï¿½ndel,Lascia ch'io pianga,2,4,2,4,5,3,2,1,2,,UgkxYADFt-D1EmdXoVDO2KJ0fQlgTNRiB0J3,classic,tracks/UgkxYADFt-D1EmdXoVDO2KJ0fQlgTNRiB0J3.mp3
320,Mozart,Overture - Marriage Of Figaro,5,5,4,2,5,5,5,2,1,,UgkxIHD7cHxBW6rvMSwLwgllUy30Z--NUcSZ,classic,tracks/UgkxIHD7cHxBW6rvMSwLwgllUy30Z--NUcSZ.mp3
321,Alfvï¿½n,Midsommarvaka,5,5,2,5,5,4,3,1,1,6bnYnAVPzpWLqG4mqC9gc3,,classic,tracks/6bnYnAVPzpWLqG4mqC9gc3.mp3
322,Rossini,Wilhelm Tell (Ouvertï¿½re),5,4,2,3,1,5,5,1,2,,UgkxybJ8kBJHnD0NH_qSCug2wTmq6BHK4VqE,classic,tracks/UgkxybJ8kBJHnD0NH_qSCug2wTmq6BHK4VqE.mp3
323,Wagner,"Tristan & Isolde, Liebestod",4,2,2,1,1,4,3,5,1,,Ugkxk6c-yPWFHcuD1axTM9D-EJDv32Z0csjQ,classic,tracks/Ugkxk6c-yPWFHcuD1axTM9D-EJDv32Z0csjQ.mp3
324,Dvorak,9. Sinfonie (II. Largo),5,5,5,5,5,2,1,1,4,,UgkxFAA69ye9sAY1N9WDpRz5SObKLpnyEKng,classic,tracks/UgkxFAA69ye9sAY1N9WDpRz5SObKLpnyEKng.mp3
325,Faurï¿½,Romance sans Paroles,3,4,5,5,5,2,1,1,1,,UgkxQPEqkpnGIK2-LLxuRimQ9MHxpkpmCeeg,classic,tracks/UgkxQPEqkpnGIK2-LLxuRimQ9MHxpkpmCeeg.mp3
326,Mozart,Eine kleine Nachtmusik: First movement,5,5,3,2,5,5,4,1,1,,UgkxZV0SHrZDy1AYZOZYFH8eCxgTMFI822sq,classic,tracks/UgkxZV0SHrZDy1AYZOZYFH8eCxgTMFI822sq.mp3
327,Chopin,Impromptu No. 2,4,4,5,5,5,4,1,1,2,,Ugkx05j3YY26icMuOHwlJJp28U55tS6W5DP7,classic,tracks/Ugkx05j3YY26icMuOHwlJJp28U55tS6W5DP7.mp3
328,Beethoven,Mondscheinsonate,5,5,5,3,5,3,1,2,4,,UgkxyBxVVsTTWAT-_fcdCX5fDYRneqptEysx,classic,tracks/UgkxyBxVVsTTWAT-_fcdCX5fDYRneqptEysx.mp3
329,Beethoven,"9. Symphonie, 2. Satz (Toscanini)",2,4,2,1,2,5,5,4,1,,Ugkxrpd0GHQAveGS6sHjIw9x2T2FTuObDGBM,classic,tracks/Ugkxrpd0GHQAveGS6sHjIw9x2T2FTuObDGBM.mp3
330,Debussy,Clair de lune,4,4,5,5,5,1,1,1,2,,UgkxZqA9R-IZ4NlEqnnscZRcW-NU-PSfWw-Y,classic,tracks/UgkxZqA9R-IZ4NlEqnnscZRcW-NU-PSfWw-Y.mp3
331,Beethoven,Symphony No.5 in C minor Op.67,4,4,3,2,2,5,5,5,1,,UgkxGGyDMGyQm1FXHPAVQ4O80RZ6eQc2Y3qH,classic,tracks/UgkxGGyDMGyQm1FXHPAVQ4O80RZ6eQc2Y3qH.mp3
332,Tschaikowski,Schwanensee,5,5,4,4,2,5,4,2,2,,UgkxXJNF8Uu-6OHEdFC3fpjZMqWeBtvWLTG-,classic,tracks/UgkxXJNF8Uu-6OHEdFC3fpjZMqWeBtvWLTG-.mp3
333,Debussy,Prï¿½lude ï¿½ l'aprï¿½s-midi d'un faune,5,4,5,3,5,3,1,2,2,,Ugkxw_ODJk-gald0IEzFtiGG9KHY9Ch9TmIg,classic,tracks/Ugkxw_ODJk-gald0IEzFtiGG9KHY9Ch9TmIg.mp3
334,Ligeti,Etï¿½de Arc en Ciel,3,4,4,2,4,1,1,5,2,,Ugkxc3AM6-yprAIJ3dWJN_i2jbY5uFTGlAqN,classic,tracks/Ugkxc3AM6-yprAIJ3dWJN_i2jbY5uFTGlAqN.mp3
335,Mozart,Overtï¿½re - Die Entfï¿½hrung aus dem Serail,4,4,2,2,2,5,5,1,1,,UgkxKan9S5poJBlAi59dI9NaArtU951vd4ed,classic,tracks/UgkxKan9S5poJBlAi59dI9NaArtU951vd4ed.mp3
336,Beethoven,Sinfonie Nr. 6,5,3,2,4,4,4,2,1,1,,Ugkx1Ej3b9qA_WObxshPovM-pu8oSGSi9M72,classic,tracks/Ugkx1Ej3b9qA_WObxshPovM-pu8oSGSi9M72.mp3
337,Mozart,Laudate Dominum,4,5,1,1,2,3,4,4,1,,UgkxrGCMHNUQWcxptqe8G-fnKVDKK_MqC5wx,classic,tracks/UgkxrGCMHNUQWcxptqe8G-fnKVDKK_MqC5wx.mp3
338,Chopin,Etï¿½de Op. 25 No. 1,4,4,4,5,5,3,2,1,1,,Ugkxios79TvKLDWBve4BpQ-gDXjkPQFhbbsT,classic,tracks/Ugkxios79TvKLDWBve4BpQ-gDXjkPQFhbbsT.mp3
339,Albinoni,"Concerto a cinque No. 2, Op. 9",4,4,4,4,5,4,4,1,1,0Ouz5wpLFbtXjAdxLRydQq,Ugkx7QaRr74MIB_wCxjYWqJA7eGohu68O2Gq,classic,tracks/Ugkx7QaRr74MIB_wCxjYWqJA7eGohu68O2Gq.mp3
340,Brahms,Klaviersonate Nr. 3 (Zwei Klaviere),3,4,2,3,3,3,5,3,2,,Ugkxni9QT2IVeo4E325b60MKpScPAdd-qcj_,classic,tracks/Ugkxni9QT2IVeo4E325b60MKpScPAdd-qcj_.mp3
341,Hï¿½ndel,Der Messias (Hallelujah),3,3,2,2,3,2,4,3,1,,UgkxostVlc-tgxbcyc6kBLWtmmd0B1tqMqxk,classic,tracks/UgkxostVlc-tgxbcyc6kBLWtmmd0B1tqMqxk.mp3
342,Brahms,"Klavierquartett Nr. 3 in C-Moll, 3. Satz",4,2,5,5,5,1,1,3,3,,UgkxEeJK_7M-PoHxZ3RnXvL5jlUpgeYEmPTt,classic,tracks/UgkxEeJK_7M-PoHxZ3RnXvL5jlUpgeYEmPTt.mp3
343,Schumann,Fantasie in C-Dur,4,4,5,3,5,3,2,1,1,,UgkxBPp9LjwU7gLOe1-5XELHnxiPMvjcs21p,classic,tracks/UgkxBPp9LjwU7gLOe1-5XELHnxiPMvjcs21p.mp3
344,Schumann,Kinderszenen,2,2,1,2,5,5,2,2,1,,Ugkx1wCT-CLUHGwzRcnGNdGJAm4MBm_L2YeX,classic,tracks/Ugkx1wCT-CLUHGwzRcnGNdGJAm4MBm_L2YeX.mp3
345,Grieg,Norwegische Tï¿½nze,4,5,1,1,2,5,5,5,1,,Ugkxcc9YKG2q1GfRf8iIrnDt57MeAktVbXQ4,classic,tracks/Ugkxcc9YKG2q1GfRf8iIrnDt57MeAktVbXQ4.mp3
346,Mozart,25. Sinfonie (I. Allegro con brio),5,4,3,1,2,5,5,3,1,,Ugkxdi4Q847_5HcKNDrEwByurSLRuDA0fG3e,classic,tracks/Ugkxdi4Q847_5HcKNDrEwByurSLRuDA0fG3e.mp3
347,Beethoven,"Sonate Nr. 8, 2. Satz",3,4,5,5,5,1,1,1,4,,UgkxMr_kC15HJ_96um1vERtcnQbVWTByXf_r,classic,tracks/UgkxMr_kC15HJ_96um1vERtcnQbVWTByXf_r.mp3
348,Bizet,Carmen (Habanera),4,2,3,2,3,5,4,2,1,,UgkxH5OjhFpFt-iY89uRAYiUQnuGx9mBA4au,classic,tracks/UgkxH5OjhFpFt-iY89uRAYiUQnuGx9mBA4au.mp3
349,Liszt,Spanish Rhapsody,4,4,5,5,5,3,1,1,1,,UgkxmRT7QX3F7nXMsy5e574VbVXNvsvM_VxF,classic,tracks/UgkxmRT7QX3F7nXMsy5e574VbVXNvsvM_VxF.mp3
350,Brahms,"Sonate Nr. 2 fï¿½r Klarinette, 1. Satz",3,4,5,5,5,3,1,1,1,,Ugkxm14v7zN8tkTO9rb9PQWL08fFY_zEkLRy,classic,tracks/Ugkxm14v7zN8tkTO9rb9PQWL08fFY_zEkLRy.mp3
351,Mussorgsky,Bilder einer Ausstellung,5,4,1,1,1,5,5,5,1,,Ugkx91mTFEVcvkA0MA3pwqZq6LccGPuvSzCV,classic,tracks/Ugkx91mTFEVcvkA0MA3pwqZq6LccGPuvSzCV.mp3
352,Debussy,Arabesque No. 1,4,5,5,5,5,2,1,1,1,,Ugkx3dXVQbl5FjLlTEYPQ1I68-cvNf8w8_hW,classic,tracks/Ugkx3dXVQbl5FjLlTEYPQ1I68-cvNf8w8_hW.mp3
353,Skrjabin,Prï¿½ludes op. 11 no. 1,4,4,5,4,5,3,2,1,2,,UgkxA4dsRXpLLHK8eSjZEwi_w6ZVBO-q8r36,classic,tracks/UgkxA4dsRXpLLHK8eSjZEwi_w6ZVBO-q8r36.mp3
354,Tschaikowski,Slawischer Marsch,3,4,1,2,1,4,4,5,1,,UgkxwFdtSCqCkK2IHy3CMeb2wrYzQbdPltfz,classic,tracks/UgkxwFdtSCqCkK2IHy3CMeb2wrYzQbdPltfz.mp3
355,Verdi,der Troubadour,3,3,1,2,3,5,4,2,1,,UgkxKBHZ5fuExQ4dwhTRRQtwxOKePzXeczYe,classic,tracks/UgkxKBHZ5fuExQ4dwhTRRQtwxOKePzXeczYe.mp3
356,Lalo,Symphonie espagnole,5,4,2,2,4,5,3,2,1,,UgkxUZYPzWKM30sUaKQw_uvovRYp978C0MYu,classic,tracks/UgkxUZYPzWKM30sUaKQw_uvovRYp978C0MYu.mp3
357,Verdi,Requiem (Dies Irae),3,5,1,1,1,4,5,5,1,,Ugkxna9k57bVYBGKF6_S-xrUOUyKFjnPclD-,classic,tracks/Ugkxna9k57bVYBGKF6_S-xrUOUyKFjnPclD-.mp3
358,Beethoven,Sinfonie Nr. 9,4,3,4,3,5,2,1,1,1,,UgkxvVpIoaNTe9zVvrjJp3fYNI_-qohSQHrz,classic,tracks/UgkxvVpIoaNTe9zVvrjJp3fYNI_-qohSQHrz.mp3
359,Tschaikowski,Marsch (Nussknacker),4,2,4,1,3,5,5,1,1,,Ugkx4F31UGibkv7P0DjRbtyiIkZv-oHrFexd,classic,tracks/Ugkx4F31UGibkv7P0DjRbtyiIkZv-oHrFexd.mp3
360,Vivaldi,Die 4 Jahreszeiten (Winter),4,4,2,1,2,4,4,4,1,,Ugkx-e3GiNyUxYwCNCIaH0akhND12-LBIbdL,classic,tracks/Ugkx-e3GiNyUxYwCNCIaH0akhND12-LBIbdL.mp3
361,Rachmaninow,Paganini Variations No. 18,5,2,5,4,5,4,1,1,1,,Ugkx-9RvVXKd6gOUhxagD894QCLuSQ29m1fU,classic,tracks/Ugkx-9RvVXKd6gOUhxagD894QCLuSQ29m1fU.mp3
362,Brahms,Sinfonie Nr. 4,4,5,4,4,5,3,2,2,1,,Ugkx1vaUia7sOeAC90G3Wof5F_L2FzTf1EQU,classic,tracks/Ugkx1vaUia7sOeAC90G3Wof5F_L2FzTf1EQU.mp3
363,Vivaldi,L'Estro Armonico (Concerto No. 9),4,5,4,3,5,5,2,2,1,,UgkxNHh8ncrNUahwZ7U7s7JrSXY1o46PTT90,classic,tracks/UgkxNHh8ncrNUahwZ7U7s7JrSXY1o46PTT90.mp3
364,Rachmaninow,"3. Klavierkonzert, 3. Satz",3,3,2,1,1,4,4,5,1,,UgkxtUia2ykcbGRBiNUvQhYOLsnIvm9IlsWW,classic,tracks/UgkxtUia2ykcbGRBiNUvQhYOLsnIvm9IlsWW.mp3
365,Chopin,"3. Klaviersonate, 4. Satz",4,5,4,2,3,5,4,4,2,,UgkxuXKh_Cg-_ifVwhYq5x_Tka3iMqPQkOIb,classic,tracks/UgkxuXKh_Cg-_ifVwhYq5x_Tka3iMqPQkOIb.mp3
366,Verdi,La Traviata,4,3,5,4,5,3,2,1,1,,Ugkxs91yK-7opbadXSjR2sxx-3nNB1Lb-3vy,classic,tracks/Ugkxs91yK-7opbadXSjR2sxx-3nNB1Lb-3vy.mp3
367,Skrjabin,Prï¿½ludes op. 11 no. 15,4,3,4,3,5,2,1,1,1,,UgkxC5w33irJhDDR6Iuf4qAPBh-TMkOaNTwS,classic,tracks/UgkxC5w33irJhDDR6Iuf4qAPBh-TMkOaNTwS.mp3
368,Vivaldi,Die 4 Jahreszeiten (Frï¿½hling),3,3,4,1,3,4,4,2,1,,UgkxYglz416a9J3po5WfsLRcI_YPLpPtQsdb,classic,tracks/UgkxYglz416a9J3po5WfsLRcI_YPLpPtQsdb.mp3
369,Rachmaninow,Prï¿½ludes op. 32 no. 5,4,2,5,5,5,2,1,1,1,,Ugkx61Zy9gilFKWKvUGJ-dkPTiaQXWSET-mg,classic,tracks/Ugkx61Zy9gilFKWKvUGJ-dkPTiaQXWSET-mg.mp3
370,Vivaldi,Die 4 Jahreszeiten (Sommer),4,4,3,3,5,2,1,2,2,,UgkxsUbAkn64g0KksHbehhXYmDCvmZeHczH3,classic,tracks/UgkxsUbAkn64g0KksHbehhXYmDCvmZeHczH3.mp3
371,Elgar,Pomp and Circumstance (1. Marsch),3,3,1,1,1,5,5,3,1,,UgkxtGH8qKRGozy2v3JD0n2Sc3Jx9r-mBppL,classic,tracks/UgkxtGH8qKRGozy2v3JD0n2Sc3Jx9r-mBppL.mp3
372,Mozart,"Gran Partita, 3. Satz",4,2,3,4,5,1,1,2,1,,Ugkx_0m0f5hs-LgUaJ1tJon-UoosrY5s_w99,classic,tracks/Ugkx_0m0f5hs-LgUaJ1tJon-UoosrY5s_w99.mp3
373,Ravel,Bolï¿½ro,2,3,2,2,3,3,4,2,1,,UgkxIHGrjKJm-19dI7CqzycTYSj-Yi11Ex34,classic,tracks/UgkxIHGrjKJm-19dI7CqzycTYSj-Yi11Ex34.mp3
374,Berg,"Quartett, op. 3",2,3,1,1,1,2,1,5,1,,UgkxFJTO33h-6oPOm8nOARg7Eywds9l-2qrm,classic,tracks/UgkxFJTO33h-6oPOm8nOARg7Eywds9l-2qrm.mp3
375,Mozart,"Don Giovanni, ""La ci darem la mano""",2,2,4,5,4,2,1,2,2,,UgkxaYlm8i53IyfuyxeXXx1QvKR-axs3MYfn,classic,tracks/UgkxaYlm8i53IyfuyxeXXx1QvKR-axs3MYfn.mp3
376,Carl Orff,O Fortuna (Carmina Burana),4,5,3,1,2,5,5,2,1,,UgkxXSbfxW58bYGu_rCHNm5qmvgW90Phkh-U,classic,tracks/UgkxXSbfxW58bYGu_rCHNm5qmvgW90Phkh-U.mp3
377,Vivaldi,Die 4 Jahreszeiten (Herbst),4,3,3,2,4,3,2,2,1,,UgkxlAo-jlLlXTI6-6GND0QTMg_HTFHG71iu,classic,tracks/UgkxlAo-jlLlXTI6-6GND0QTMg_HTFHG71iu.mp3
378,Debussy,Des pas sur la neige,4,2,5,3,5,2,1,1,3,,Ugkxi1kP86YJco8d1sp7__TqIok3RzmKM1RQ,classic,tracks/Ugkxi1kP86YJco8d1sp7__TqIok3RzmKM1RQ.mp3
379,Puccini,Messa di Gloria,3,2,2,2,2,3,3,1,1,,UgkxGxCmVKzTT8XqOWWJlHGisGcOp_IpY5Kc,classic,tracks/UgkxGxCmVKzTT8XqOWWJlHGisGcOp_IpY5Kc.mp3
380,Bach,Brandenburgische Konzerte,3,4,2,2,3,4,4,3,1,,UgkxeLffTg_jPplOibtLpXdWG3rrOmkbu7dp,classic,tracks/UgkxeLffTg_jPplOibtLpXdWG3rrOmkbu7dp.mp3
381,Chopin,Waltz Op.69 No.2,4,2,4,4,5,4,1,2,1,,UgkxmgvSvVKZ8-sYhYcb76BaYxtKTXZp1F0Z,classic,tracks/UgkxmgvSvVKZ8-sYhYcb76BaYxtKTXZp1F0Z.mp3
382,Beethoven,Sinfonie Nr. 7,2,3,5,3,5,1,2,1,2,,UgkxVWL1RdWZqv5Co5Obf6nvZUrtWrunrGeJ,classic,tracks/UgkxVWL1RdWZqv5Co5Obf6nvZUrtWrunrGeJ.mp3
383,Lauran Hibberd,Sugardaddy,1,2,3,3,3,5,3,2,1,6eXsSF9ufDWqnCJC4GVIsj,,pop,tracks/6eXsSF9ufDWqnCJC4GVIsj.mp3
384,Lasgo,Something,2,4,3,1,1,5,5,3,1,3e9L9HiHKcfYLAga28Vmcf,,electronic,tracks/3e9L9HiHKcfYLAga28Vmcf.mp3
385,Mariah Carey,Want You,2,2,3,3,4,3,4,2,2,0bYg9bo50gSsH3LtXe2SQn,,funk_soul,tracks/0bYg9bo50gSsH3LtXe2SQn.mp3
386,The Knife,Heartbeats,3,2,2,2,2,3,3,3,2,2YacpExEbX9tF8IbFlFOo4,,electronic,tracks/2YacpExEbX9tF8IbFlFOo4.mp3
387,Lake of Tears,So Fell Autumn Rain,2,2,2,1,1,2,4,2,2,2sXOtMnG1wfnNsNUQ6oDPR,,rock,tracks/2sXOtMnG1wfnNsNUQ6oDPR.mp3
388,Dire Straits,So Far Away,4,4,5,4,4,3,3,1,4,3pGBIgFdfdnjtHDJR4nbrR,,rock,tracks/3pGBIgFdfdnjtHDJR4nbrR.mp3
389,Joss Stone,Headturner,2,2,5,2,1,5,5,4,1,7MX14dwZzEIg84qKdlWTHv,,funk_soul,tracks/7MX14dwZzEIg84qKdlWTHv.mp3
390,Panic! at the Disco,Death of a Bachelor,2,1,2,4,3,2,1,2,1,1BECwm5qkaBwlbfo4kpYx8,,jazz,tracks/1BECwm5qkaBwlbfo4kpYx8.mp3
391,Take That,Love Ain't Here Anymore,3,2,4,4,4,1,1,1,4,1LtwwvNy05VlULpCTogigr,,pop,tracks/1LtwwvNy05VlULpCTogigr.mp3
392,Tï¿½lï¿½popmusik,Genetic World,2,2,2,1,3,2,2,2,1,0uKrhHBDUQ4w5fv4qwOubP,,electronic,tracks/0uKrhHBDUQ4w5fv4qwOubP.mp3
393,"Hamilton, Joe Frank & Reynolds",Don't Pull Your Love,2,2,3,5,4,4,2,2,1,7tJsTykoo4Jk5JguHTx9W7,,rock,tracks/7tJsTykoo4Jk5JguHTx9W7.mp3
394,Diablo Swing Orchestra,Balrog Boogie,1,2,1,1,1,4,5,4,1,65RptVLH4KdgCeEAuPS8WY,,jazz,tracks/65RptVLH4KdgCeEAuPS8WY.mp3
395,Nat King Cole,Unforgettable,4,3,5,5,5,3,1,2,3,648TTtYB0bH0P8Hfy0FmkL,,jazz,tracks/648TTtYB0bH0P8Hfy0FmkL.mp3
396,Zendaya,Only When You're Close,2,2,2,1,2,1,3,4,3,7BhxxlLcCCfvixzy8KExZv,,electronic,tracks/7BhxxlLcCCfvixzy8KExZv.mp3
397,Chris Rea,And you my love,2,1,3,5,4,2,1,2,3,7iJmWC3h8tJOCK4OzPFZ2c,,rock,tracks/7iJmWC3h8tJOCK4OzPFZ2c.mp3
398,Imagination,Music and Lights,4,3,5,5,3,5,4,1,1,3kEA66ZM9mCxwhynOxgsLh,,funk_soul,tracks/3kEA66ZM9mCxwhynOxgsLh.mp3
399,Five Star,Let Me Be The One,1,1,3,2,2,5,2,1,1,7Ly6unSf5gXUdF3S3nGlSH,,funk_soul,tracks/7Ly6unSf5gXUdF3S3nGlSH.mp3
400,Joshua Kadison,Jessie,4,3,4,5,4,2,3,2,4,4n8iSiSWRdaSeSpJMbdk9O,,pop,tracks/4n8iSiSWRdaSeSpJMbdk9O.mp3
401,Chaka Khan,So Naughty,2,2,2,3,1,4,5,2,2,1CpsuBEVGtEMR8MqoCa3gK,,funk_soul,tracks/1CpsuBEVGtEMR8MqoCa3gK.mp3
402,Bootsy Collins,I'd Rather Be With You,1,2,4,2,1,3,4,2,2,42rFOQqHmXf9IkdwVqkooK,,funk_soul,tracks/42rFOQqHmXf9IkdwVqkooK.mp3
403,Foster the People,Pumped Up Kicks,3,2,5,1,3,5,4,2,2,7w87IxuO7BDcJ3YUqCyMTT,,pop,tracks/7w87IxuO7BDcJ3YUqCyMTT.mp3
404,Chris de Burgh,The Lady in Red,5,4,5,5,5,2,2,1,5,1GeNWyZtCHbcp3ZWp8GTOO,,rock,tracks/1GeNWyZtCHbcp3ZWp8GTOO.mp3
405,Britney Spears,Where Are You Now,1,1,4,4,4,1,1,2,4,4MOBPIIRUgHTBAp0NpgLTm,,pop,tracks/4MOBPIIRUgHTBAp0NpgLTm.mp3
406,Armin van Buuren,Not Giving Up On Love,3,4,2,1,2,5,5,3,1,1frLUl7UjAs0eLL2FzJgmA,,electronic,tracks/1frLUl7UjAs0eLL2FzJgmA.mp3
407,Onuka,Vsesvit,3,2,1,2,3,4,4,1,2,0ROyrrMf9crvLUImY1SoG6,,electronic,tracks/0ROyrrMf9crvLUImY1SoG6.mp3
408,Sly & The Family Stone,(You Caught Me) Smilin',1,1,3,2,3,4,3,2,2,5XTiyBLVLjqhAGRcJBUC5F,,funk_soul,tracks/5XTiyBLVLjqhAGRcJBUC5F.mp3
409,Daddy Was A Milkman,Breathe In,3,2,3,4,5,2,1,1,2,0JD76XBC2uL6A5ZHTKIKHF,,electronic,tracks/0JD76XBC2uL6A5ZHTKIKHF.mp3
410,Gorillaz,Tomorrow Comes Today,4,4,4,2,4,4,3,1,4,3qdDjz9kOvquEFbvXBYOMQ,,electronic,tracks/3qdDjz9kOvquEFbvXBYOMQ.mp3
411,Kool & The Gang,Steppin' Out,4,3,4,3,3,5,4,2,1,05NdLBmUVkXlBpel2QR07Y,,funk_soul,tracks/05NdLBmUVkXlBpel2QR07Y.mp3
412,Adriana Calcanhotto,Devolva-me,3,2,5,4,5,1,2,2,4,5sz2LrG6jY6u7U0g2k7kws,,jazz,tracks/5sz2LrG6jY6u7U0g2k7kws.mp3
413,Michael Jackson,Ain't No Sunshine,3,2,4,3,2,3,4,2,2,6ac4lvV0LKQlbHYXJ7vTDb,,funk_soul,tracks/6ac4lvV0LKQlbHYXJ7vTDb.mp3
414,Lily Allen,Smile,3,2,5,3,5,5,2,1,2,4aR9bPMAOFySBuQSbVWF3d,,pop,tracks/4aR9bPMAOFySBuQSbVWF3d.mp3
415,Christina Aguilera,I Got Trouble,2,2,4,4,5,4,4,2,1,6eRY1OgTVUeqtyEviApFaw,,jazz,tracks/6eRY1OgTVUeqtyEviApFaw.mp3
416,Hot Chip,So Glad to See You,2,2,3,4,3,2,1,2,1,0PCYXSyESysJ1Eodxjyn9p,,electronic,tracks/0PCYXSyESysJ1Eodxjyn9p.mp3
417,Loreen,My Heart Is Refusing Me,4,3,3,1,2,5,5,3,1,0sg9jTiFokw2U15qGK7wPK,,pop,tracks/0sg9jTiFokw2U15qGK7wPK.mp3
418,Leftfield,Release the Pressure,3,2,2,2,4,5,3,2,2,6SpP5cpf4dY8AFFtXEfqmA,,electronic,tracks/6SpP5cpf4dY8AFFtXEfqmA.mp3
419,Modestep,Sunlight,1,2,1,1,1,2,3,5,1,0Ix7doBgImhoWJfDnwezP1,,electronic,tracks/0Ix7doBgImhoWJfDnwezP1.mp3
420,The Whitest Boy Alive,Keep a Secret,2,2,2,1,3,2,1,3,2,7pHWIlKBTQJM9oErC4OzSP,,pop,tracks/7pHWIlKBTQJM9oErC4OzSP.mp3
421,Patti LaBelle,Over The Rainbow,5,4,4,3,2,3,5,2,1,3e7isfNT5Z8TSms4zPkMPV,,jazz,tracks/3e7isfNT5Z8TSms4zPkMPV.mp3
422,M2M,Don't Say You Love Me,2,2,4,4,3,5,1,1,1,65i1UPsUtPlEVzewEZR6sY,,pop,tracks/65i1UPsUtPlEVzewEZR6sY.mp3
423,Billie Holiday,Lady Sings The Blues,2,2,4,4,4,1,1,1,3,6rX7Rgi2O5csTzLan7rL0c,,jazz,tracks/6rX7Rgi2O5csTzLan7rL0c.mp3
424,Sixpence None the Richer,Kiss Me,2,1,5,5,4,4,1,1,1,754kgU5rWscRTfvlsuEwFp,,pop,tracks/754kgU5rWscRTfvlsuEwFp.mp3
425,Vanessa da Mata,Eu Nï¿½o Tenho,2,1,2,3,3,3,1,1,1,3RfOd8VhrhsV7othWm5mNF,,jazz,tracks/3RfOd8VhrhsV7othWm5mNF.mp3
426,Ben E. King,Stand By Me,5,5,5,5,5,5,3,1,5,3SdTKo2uVsxFblQjpScoHy,,funk_soul,tracks/3SdTKo2uVsxFblQjpScoHy.mp3
427,Coldplay,Animals,2,2,4,2,3,1,2,4,4,59tjfzA98dum1TXhJ4XWoe,,rock,tracks/59tjfzA98dum1TXhJ4XWoe.mp3
428,Santigold,You'll Find A Way,5,3,2,1,2,5,5,4,1,1ZUj6t3goYbtWrCKFnwzIf,,electronic,tracks/1ZUj6t3goYbtWrCKFnwzIf.mp3
429,The Pointer Sisters,I'm So Excited,3,2,5,2,2,5,5,2,1,1ot6jEe4w4hYnsOPjd3xKQ,,funk_soul,tracks/1ot6jEe4w4hYnsOPjd3xKQ.mp3
430,Armin van Buuren,This Is What It Feels Like,3,3,3,3,2,4,3,2,2,5GjnIpUlLGEIYk052ISOw9,,electronic,tracks/5GjnIpUlLGEIYk052ISOw9.mp3
431,Cissy Houston,Think It Over,3,3,3,2,2,5,5,3,1,09HKieZL31JLWTb2s5tm6I,,funk_soul,tracks/09HKieZL31JLWTb2s5tm6I.mp3
432,Chris Rea,Fool (If You Think It's Over),2,2,5,4,5,5,1,1,2,0UHiH4dy1hXULYl8CgNxRV,,rock,tracks/0UHiH4dy1hXULYl8CgNxRV.mp3
433,Katy B,Katy on a Mission,2,2,1,1,1,2,4,2,1,47uhrF6IvyE2eUyyfLAEzf,,electronic,tracks/47uhrF6IvyE2eUyyfLAEzf.mp3
434,Emma Bunton,Take My Breath Away,2,1,3,5,3,2,1,1,1,0wVPsQNQ4tsjTTf2LIdOA7,,pop,tracks/0wVPsQNQ4tsjTTf2LIdOA7.mp3
435,Electric Wizard,Vinum Sabbathi,1,1,1,1,1,2,5,5,1,3d1uPNDeeceYhoNNo4pnv8,,rock,tracks/3d1uPNDeeceYhoNNo4pnv8.mp3
436,Noisestorm,Breakdown VIP,4,5,5,2,3,4,5,3,1,1wrKexsB7sCKsRyfu4J4QT,,electronic,tracks/1wrKexsB7sCKsRyfu4J4QT.mp3
437,High on Fire,Rumors of War,2,1,2,1,1,2,5,5,1,33XdEVFV3YFrKQ0y99t6Sf,,rock,tracks/33XdEVFV3YFrKQ0y99t6Sf.mp3
438,Caetano Veloso,Alexandre,2,1,2,2,2,5,2,2,1,4fpHhkV7T4WEwdkpN5tL6R,,jazz,tracks/4fpHhkV7T4WEwdkpN5tL6R.mp3
439,Oliver Cheatham,Get Down Saturday Night,3,2,2,1,2,5,4,3,1,0IZVSGXU9oBi6mbsWyLas6,,funk_soul,tracks/0IZVSGXU9oBi6mbsWyLas6.mp3
440,Bruno Mars,Just the Way You Are,3,2,5,5,3,5,3,1,2,7BqBn9nzAq8spo5e7cZ0dJ,,pop,tracks/7BqBn9nzAq8spo5e7cZ0dJ.mp3
441,Kelis,Rolling Through the Hood,1,1,3,2,4,3,3,1,2,7bjpWKh3teUpsNgdpcq7eb,,funk_soul,tracks/7bjpWKh3teUpsNgdpcq7eb.mp3
442,OutKast,Hey Ya!,2,1,5,1,2,5,5,1,1,2PpruBYCo4H7WOBJ7Q2EwM,,funk_soul,tracks/2PpruBYCo4H7WOBJ7Q2EwM.mp3
443,Lolly,Viva La Radio,3,2,4,2,2,5,4,4,1,0N08KoCLrMNg9liFPucWhU,,pop,tracks/0N08KoCLrMNg9liFPucWhU.mp3
444,Kings of Convenience,I'd Rather Dance With You,4,2,4,5,4,5,3,1,1,4hGOhC87bn7JBdYykOJJvJ,,pop,tracks/4hGOhC87bn7JBdYykOJJvJ.mp3
445,B.J. Thomas,Rock And Roll Lullaby,2,2,5,4,5,3,1,1,2,3aVNV6pawEERvfdurW66ZT,,rock,tracks/3aVNV6pawEERvfdurW66ZT.mp3
446,Princess Chelsea,When The World Turns Grey,3,4,4,3,4,1,2,2,4,3Oe4aYH6ifYIIYsX2isIR4,,electronic,tracks/3Oe4aYH6ifYIIYsX2isIR4.mp3
447,Aqua,Barbie Girl,2,3,5,1,2,5,3,1,1,2RSOzvKUnfDDrb2nQPfpQU,,pop,tracks/2RSOzvKUnfDDrb2nQPfpQU.mp3
448,Milli Vanilli,I'm Gonna Miss You,4,2,4,5,5,5,2,2,2,2dThEJP9S344qzNhePcSzj,,pop,tracks/2dThEJP9S344qzNhePcSzj.mp3
449,Bobby Womack,Woman's Gotta Have It,2,2,4,4,3,4,2,1,1,20HCbY9qPpi1H2pP2MRUWy,,funk_soul,tracks/20HCbY9qPpi1H2pP2MRUWy.mp3
450,Dido,Don't Leave Home,5,3,5,5,5,3,3,1,4,4N7e9ltiDKb19Swu2CWqMB,,pop,tracks/4N7e9ltiDKb19Swu2CWqMB.mp3
451,En Vogue,Beat of Love,2,2,1,3,3,1,1,4,1,2CHSYLRP4AQgyKV17Qc9QO,,funk_soul,tracks/2CHSYLRP4AQgyKV17Qc9QO.mp3
452,Ed Sheeran,Happier,4,2,5,4,4,1,1,2,5,2RttW7RAu5nOAfq6YFvApB,,rock,tracks/2RttW7RAu5nOAfq6YFvApB.mp3
453,Gorillaz,Feel good Inc.,5,4,3,4,4,5,4,1,1,0d28khcov6AiegSCpG5TuT,UgkxH7E3iJmQ7z_oAHV9C-z0ntbODARuTc-0,pop,tracks/UgkxH7E3iJmQ7z_oAHV9C-z0ntbODARuTc-0.mp3
454,Jamiroquai,Virtual Insanity,5,2,4,3,4,5,5,1,1,2Bxt2qamL6iu0XN0Td484J,UgkxgVQ5ux4pXyn83sb16otHzXBiTCpTh2V-,pop,tracks/UgkxgVQ5ux4pXyn83sb16otHzXBiTCpTh2V-.mp3
455,Jose Gonzales,Heartbeats,5,3,5,5,5,1,2,1,2,11X4Gw3T4hoktVruLgTnm1,Ugkx7lMXD9hmHssWqqYZ9DMvrmwWMWV2PRwB,pop,tracks/Ugkx7lMXD9hmHssWqqYZ9DMvrmwWMWV2PRwB.mp3
456,Aerosmith,I Don't Want To Miss A Thing,5,3,5,5,5,5,5,1,2,225xvV8r1yKMHErSWivnow,UgkxyD8sASPRaSOcUov9UHcKBrJOi3e8ktUQ,pop,tracks/UgkxyD8sASPRaSOcUov9UHcKBrJOi3e8ktUQ.mp3
457,Sugababes,Push The Button,5,2,4,2,2,5,5,3,1,3EDS89HeAhHiZKlljciK0a,Ugkxu8HzYufqmVieUjWOKqkoQqrrFpFbRnh7,pop,tracks/Ugkxu8HzYufqmVieUjWOKqkoQqrrFpFbRnh7.mp3
458,Boy,Little Numbers,5,4,3,4,5,5,2,1,1,34UMrasAWi3VHMWpMePxGu,Ugkxay_pPRNk-jT2297d6fkFixYmAiEd8rmG,pop,tracks/Ugkxay_pPRNk-jT2297d6fkFixYmAiEd8rmG.mp3
459,Neil Diamind,Sweet Caroline,5,4,4,3,1,5,3,1,1,62AuGbAkt8Ox2IrFFb8GKV,UgkxjzSMRMlrs2X84JF4whcxtQHzyLmCcxVw,pop,tracks/UgkxjzSMRMlrs2X84JF4whcxtQHzyLmCcxVw.mp3
460,Elton John,Your Song,4,4,5,4,3,3,4,1,3,38zsOOcu31XbbYj9BIPUF1,UgkxdWGkpjrXKcJkU6bVakI-M3-q0x9VjUwl,pop,tracks/38zsOOcu31XbbYj9BIPUF1.mp3
461,Lady Gaga,Pokerface,4,2,4,1,2,5,5,1,1,1QV6tiMFM6fSOKOGLMHYYg,UgkxkOxrG1xvuhSDYypwMKFCijhV_a-eYS77,pop,tracks/UgkxkOxrG1xvuhSDYypwMKFCijhV_a-eYS77.mp3
462,Madonna,Don't Tell Me,2,2,3,2,4,4,2,2,1,23EhTCPRTlLVM6VQUyh8bH,,pop,tracks/23EhTCPRTlLVM6VQUyh8bH.mp3
463,Brett Dennen,She's Mine,3,2,3,5,5,4,1,2,1,5MnmTKjatNTY3BJ2DURVjE,UgkxGwAT62Ys-ElYvHeVhfu4CnuzlwX2YIta,pop,tracks/UgkxGwAT62Ys-ElYvHeVhfu4CnuzlwX2YIta.mp3
464,Little Big Town,Girl Crush,4,2,4,5,4,2,2,1,3,11qh54D0PKkBwelpDxxiEU,UgkxDHlPsZdT6FoffIsU2V6hSSCfOa5Y19OO,pop,tracks/UgkxDHlPsZdT6FoffIsU2V6hSSCfOa5Y19OO.mp3
465,Robin Schulz,Sugar,3,2,2,2,3,5,5,2,1,5tf1VVWniHgryyumXyJM7w,UgkxQj7p_YA0FCZ6NeermmWRYGyr0lFUwGyS,pop,tracks/UgkxQj7p_YA0FCZ6NeermmWRYGyr0lFUwGyS.mp3
466,Jeremy Kay,Have It All,4,2,3,5,4,4,3,1,2,2lt8MKIve6BMPAJ6xfH8bL,,pop,tracks/2lt8MKIve6BMPAJ6xfH8bL.mp3
467,Keane,Everybodys Changing,4,3,5,2,5,5,2,1,2,0yac0FPhLRH9i9lOng3f81,UgkxfFTfgRA8-ahZmKesCxkX_XPNf-1VVkZT,pop,tracks/UgkxfFTfgRA8-ahZmKesCxkX_XPNf-1VVkZT.mp3
468,Enya,Only Time,4,5,5,4,5,3,3,1,3,6FLwmdmW77N1Pxb1aWsZmO,UgkxEUYgE850H2Vn3J6Mib6bW_dZNqnfvhCD,pop,tracks/UgkxEUYgE850H2Vn3J6Mib6bW_dZNqnfvhCD.mp3
469,Katie Tunstall,Suddenly I See,5,2,3,3,3,5,5,1,1,5p9XWUdvbUzmPCukOmwoU3,Ugkxiw2wzDrVBgD9-ufXze-4AHr4IZN8o3mo,pop,tracks/Ugkxiw2wzDrVBgD9-ufXze-4AHr4IZN8o3mo.mp3
470,Bruno Mars,Grenade,4,2,5,4,2,5,4,2,2,4lLtanYk6tkMvooU0tWzG8,Ugkx3jVwXevI7XbHnLHgOGEn0ZGfGnsqz2-I,pop,tracks/Ugkx3jVwXevI7XbHnLHgOGEn0ZGfGnsqz2-I.mp3
471,Macklemore,Same Love,5,3,5,5,4,5,2,1,1,01uqI4H13Gsd8Lyl1EYd8H,UgkxuB37w_IKefXDD5QrBIjRGgLlY6hrVi-H,pop,tracks/UgkxuB37w_IKefXDD5QrBIjRGgLlY6hrVi-H.mp3
472,Magic!,Let Your Hair Down,3,2,3,4,5,3,2,2,1,0uQSHrFDVtbQyxNFCwm1EC,Ugkx1v_0SUqzOh6Gz67YBFgOSjeWNF7q1AGb,pop,tracks/Ugkx1v_0SUqzOh6Gz67YBFgOSjeWNF7q1AGb.mp3
473,Elton John,Don't Go Breaking My Heart,5,3,4,2,5,5,5,1,1,7HW5WIw7ZgZORCzUxv5gW5,UgkxZiqeddPuUzbbBI1OrBqMZdSXJJ9vcqrD,pop,tracks/UgkxZiqeddPuUzbbBI1OrBqMZdSXJJ9vcqrD.mp3
474,The Weeknd,Starboy,5,3,3,3,4,5,3,3,1,7MXVkk9YMctZqd1Srtv4MB,UgkxgNYU59_0d7MEDEC03bVS5tQgr0-jTFkg,pop,tracks/UgkxgNYU59_0d7MEDEC03bVS5tQgr0-jTFkg.mp3
475,All American Rejects,Fallin Apart,4,3,2,2,4,5,5,2,1,3YoLDoNNTKb7R3Gc3yRrGK,UgkxDpumEt0h1YNhzNmcOcC_tpr896wgwGQa,pop,tracks/UgkxDpumEt0h1YNhzNmcOcC_tpr896wgwGQa.mp3
476,Bon Iver,Skinny Love,5,4,5,5,5,4,2,1,2,1HkOPLwAJH3kE8UnqgxF4s,,pop,tracks/1HkOPLwAJH3kE8UnqgxF4s.mp3
477,Katie Perry,I Kissed A Girl,5,2,4,1,2,5,5,2,1,14iN3o8ptQ8cFVZTEmyQRV,UgkxtorIr5hC1D3sL7KcJF9n4-lfiSpsir65,pop,tracks/UgkxtorIr5hC1D3sL7KcJF9n4-lfiSpsir65.mp3
478,Brett Dennen,Closer To You,3,1,4,4,5,2,1,1,1,2NqSfApThFnUxlKaj4tnXB,UgkxZe58fNuASC2aCErF3xzGg5JqZFoV97YM,pop,tracks/UgkxZe58fNuASC2aCErF3xzGg5JqZFoV97YM.mp3
479,AnnenMayKantereit,Wohin Du Gehst,3,2,4,1,2,5,5,2,1,40PO9gfu9bHdnsQqEKrcjg,UgkxiaxSqFYnjQM_-8c_0iRU4V94IMleAKvA,pop,tracks/UgkxiaxSqFYnjQM_-8c_0iRU4V94IMleAKvA.mp3
480,Tracy Chapman,Fast Car,4,3,5,5,5,3,1,1,2,2M9ro2krNb7nr7HSprkEgo,UgkxFYKP3k8jH6kNkXl5mgSK7Ag_DrqVs8C4,pop,tracks/UgkxFYKP3k8jH6kNkXl5mgSK7Ag_DrqVs8C4.mp3
481,Leslie Clio,I Couldnt Care Less,3,1,1,2,4,5,3,2,1,7kX5DiuPwRlYwPAHoOHFOg,UgkxGMWXLNbHAOlKnOYIo79nGA58qYbtqoDD,pop,tracks/UgkxGMWXLNbHAOlKnOYIo79nGA58qYbtqoDD.mp3
482,Shakira,Hips Don't Lie,5,1,3,2,3,5,5,2,1,3ZFTkvIE7kyPt6Nu3PEa7V,UgkxNluYAMzINxUeKOeoMkF2rxCLFUF9XOX1,pop,tracks/UgkxNluYAMzINxUeKOeoMkF2rxCLFUF9XOX1.mp3
483,Atomic Kitten,Whole Again,4,2,5,3,2,5,1,1,1,16MJqq0vEuW6GRX6faetTm,UgkxRuEzjMw9YVumTIcZtXlLtf9ZE4JULUox,pop,tracks/UgkxRuEzjMw9YVumTIcZtXlLtf9ZE4JULUox.mp3
484,Pink,Who Knew,3,2,5,2,2,5,5,1,2,2hns6Dv29Yrg68AVTJiAyA,Ugkxi3QXqLYIWAvZYL3SdslNZi9uQQSez7A9,pop,tracks/Ugkxi3QXqLYIWAvZYL3SdslNZi9uQQSez7A9.mp3
485,Britney Spears,Baby One More Time,4,2,4,3,2,5,4,2,1,3MjUtNVVq3C8Fn0MP3zhXa,UgkxuNNi-4AibDVoT7ps_OXBcRHSfbERCYCV,pop,tracks/UgkxuNNi-4AibDVoT7ps_OXBcRHSfbERCYCV.mp3
486,Carlos Santana,Smooth,3,1,2,2,2,5,4,2,1,0n2SEXB2qoRQg171q7XqeW,Ugkxa9WPgW3Wr2q5p7RbL6ZNiDjGkWWpCEFk,pop,tracks/Ugkxa9WPgW3Wr2q5p7RbL6ZNiDjGkWWpCEFk.mp3
487,Leon Bridges,River,4,3,4,4,5,2,1,1,1,3hhbDnFUb2bicI2df6VurK,Ugkx0SGKkOhLVssE1_jINsxQmayREBED_VFK,pop,tracks/Ugkx0SGKkOhLVssE1_jINsxQmayREBED_VFK.mp3
488,The Beatles,Strawberry Fields Forever,4,3,5,5,5,2,1,2,1,3Am0IbOxmvlSXro7N5iSfZ,,pop,tracks/3Am0IbOxmvlSXro7N5iSfZ.mp3
489,Panic! at the Disco,Nine In The Afternoon,4,3,3,3,3,5,4,2,1,1S30kHvkkdMkcuCTGSgS41,UgkxpMvawDtC--K3ew0T2xhMArA3w-vcvNHc,pop,tracks/UgkxpMvawDtC--K3ew0T2xhMArA3w-vcvNHc.mp3
490,Arctic Monkeys,Fluorescent Adolescent,5,2,3,2,3,5,4,1,1,2x8evxqUlF0eRabbW2JBJd,UgkxFpmf6nVY8mMY9E2qN1GPC8r7jZ7qaDVJ,pop,tracks/UgkxFpmf6nVY8mMY9E2qN1GPC8r7jZ7qaDVJ.mp3
491,Puff Daddy,I'll Be Missing You,5,3,5,3,3,5,2,1,3,3QHONiXGMGU3z68mQInncF,,pop,tracks/3QHONiXGMGU3z68mQInncF.mp3
492,The Head And The Heart,Rivers And Roads,4,2,5,5,5,2,1,1,4,4fN0dQGDaV4Hg7Gd7mBOE0,UgkxgMkVL3kN_NS4-C46e9EgbwNJj1aih8MD,pop,tracks/UgkxgMkVL3kN_NS4-C46e9EgbwNJj1aih8MD.mp3
493,Ed Sheeran,Shape Of You,5,3,5,4,3,5,3,2,1,7qiZfU4dY1lWllzX7mPBI3,Ugkx4cMxVQKskjH_07oSOjcVG2b0SQ05qPj5,pop,tracks/Ugkx4cMxVQKskjH_07oSOjcVG2b0SQ05qPj5.mp3
494,Black Eyed Peas,Just Can't Get Enough,2,2,3,2,3,4,2,1,1,3JA9Jsuxr4xgHXEawAdCp4,UgkxuQwwZ90ruj0orcBQAjAnFL3mkurIBlLs,pop,tracks/UgkxuQwwZ90ruj0orcBQAjAnFL3mkurIBlLs.mp3
495,Childish Gambino,Redbone,2,2,4,4,4,5,1,3,1,0wXuerDYiBnERgIpbb3JBR,UgkxxKNS5myAtrxzpDH5xcgjbr1xSkc8RKoG,pop,tracks/0wXuerDYiBnERgIpbb3JBR.mp3
496,Johnny Cash,Hurt,3,2,5,3,4,1,2,1,5,28cnXtME493VX9NOw9cIUh,,pop,tracks/28cnXtME493VX9NOw9cIUh.mp3
497,Bruno Mars,Treasure,4,2,2,3,4,5,4,2,1,55h7vJchibLdUkxdlX3fK7,Ugkx-rrC5IaUoZr3-24uYboRqWLTaFxxw8ho,funk_soul,tracks/Ugkx-rrC5IaUoZr3-24uYboRqWLTaFxxw8ho.mp3
498,Stevie Wonder,I Wish,4,1,2,1,2,5,3,1,1,687YZan9Gol1UVvbpUSO6Y,UgkxlIhVwyJFYKbpaZtpwOKbvNoCej0Snbxd,pop,tracks/UgkxlIhVwyJFYKbpaZtpwOKbvNoCej0Snbxd.mp3
499,The Jackson 5,Who's Lovin You,4,2,5,5,5,4,2,1,1,6cZrsaNb4Zo9E5KHk7gcz5,,pop,tracks/6cZrsaNb4Zo9E5KHk7gcz5.mp3
500,Moby,Porcelain,4,2,4,3,5,3,1,1,1,1hEh8Hc9lBAFWUghHBsCel,UgkxCeZp2xuJSLW0-0PZjBJt_V5-LaoVDjdx,pop,tracks/UgkxCeZp2xuJSLW0-0PZjBJt_V5-LaoVDjdx.mp3
501,Pharrell Williams,Happy,5,2,2,1,4,5,5,1,1,60nZcImufyMA1MKQY3dcCH,UgkxcuToeC5GK7NSDQ0dRpj9vfTFM3T2Ejcb,pop,tracks/UgkxcuToeC5GK7NSDQ0dRpj9vfTFM3T2Ejcb.mp3
502,Spice Girls,Wannabe,4,1,3,1,4,5,5,2,1,1Je1IMUlBXcx1Fz0WE7oPT,UgkxaJrntojT36lhBeApZNmRw5hlUG-lGDzg,pop,tracks/UgkxaJrntojT36lhBeApZNmRw5hlUG-lGDzg.mp3
503,Aretha Franklin,(You Make Me Feel Like) A Natural Woman,4,3,4,4,3,5,4,1,1,5K09WxKdlkroDyEVyOSySy,UgkxAxl_euy_NSiF65UEnOXUQ_rhHCK4doqc,pop,tracks/5K09WxKdlkroDyEVyOSySy.mp3
504,Nina Simone,Feeling Good,3,4,4,4,4,5,5,1,1,6Rqn2GFlmvmV4w9Ala0I1e,UgkxcOl1VgzbVitwna_Kd3xIyvtcRJp-4xK_,pop,tracks/UgkxcOl1VgzbVitwna_Kd3xIyvtcRJp-4xK_.mp3
505,Whitney Houston,I Wanna Dance With Somebody,5,2,5,3,4,5,5,1,1,2tUBqZG2AbRi7Q0BIrVrEj,Ugkxkl1P_hb1huEiQYoB8yrAOtHOcRhZSatO,pop,tracks/Ugkxkl1P_hb1huEiQYoB8yrAOtHOcRhZSatO.mp3
506,The Collapsable Hearts Club,Easy Streets,3,1,2,1,2,5,2,4,1,4NmWUWHsglLlJXvq1pGNsk,,pop,tracks/4NmWUWHsglLlJXvq1pGNsk.mp3
507,Gotye,Somebody That I Used To Know,4,3,5,3,4,5,2,1,3,6md4w95cnKaW64JyEQ3A0L,UgkxsFY5Is4EMbq6uLHMb3uhqEaJ4CP6_bkH,pop,tracks/UgkxsFY5Is4EMbq6uLHMb3uhqEaJ4CP6_bkH.mp3
508,Justin Bieber,Love Yourself,3,2,4,5,5,4,1,1,2,50kpGaPAhYJ3sGmk6vplg0,UgkxfJUeujTh66zSIpNMqkr_TTNR2NSL0Oiz,pop,tracks/UgkxfJUeujTh66zSIpNMqkr_TTNR2NSL0Oiz.mp3
509,Theo Katzman,Hard Work,5,2,2,1,4,5,4,2,1,3gaQbhacVKwcsatM0FlSa9,UgkxyJdSony6HQWT6pYQpQ9dGRDLBtYb_ecO,pop,tracks/UgkxyJdSony6HQWT6pYQpQ9dGRDLBtYb_ecO.mp3
510,Katy Perry,Swish Swish,3,1,1,1,2,5,5,3,1,3OtMnyUaiipcAT23A8liyi,UgkxBx01LLxIBM3BpHQT2zm-X7NtyLZJHfz3,pop,tracks/UgkxBx01LLxIBM3BpHQT2zm-X7NtyLZJHfz3.mp3
511,Bee Gees,Words,3,2,4,2,5,2,2,4,1,07PIhdmyYIw8dMeDMsx9FU,UgkxfOUjcMda4LaZVf_FI8GL9mrBRG3qu-sM,pop,tracks/UgkxfOUjcMda4LaZVf_FI8GL9mrBRG3qu-sM.mp3
512,Sam Smith,Lay Me Down,4,4,5,5,5,1,1,1,5,74sb4Gib0cL3TQeCjYF8vh,UgkxS5U7oeRan4QoSfBpMwZjO23sGjBlHj3Z,pop,tracks/UgkxS5U7oeRan4QoSfBpMwZjO23sGjBlHj3Z.mp3
513,David Guetta,Memories,2,1,2,1,1,5,4,3,1,5xYC48nOppVemY6U5GRGTb,UgkxeW-A20ALNhf8q1xKQEVG8JVOkcbXqygx,pop,tracks/UgkxeW-A20ALNhf8q1xKQEVG8JVOkcbXqygx.mp3
514,Rihanna,Umbrella,5,2,5,2,2,5,2,2,1,49FYlytm3dAAraYgpoJZux,UgkxO7FJbeCJsFgWY8VO-TP6bTqL0CGLeQlV,pop,tracks/UgkxO7FJbeCJsFgWY8VO-TP6bTqL0CGLeQlV.mp3
515,Vanessa Carlton,A Thousand Miles,5,1,5,4,4,5,2,1,1,4w1lzcaoZ1IC2K5TwjalRP,UgkxQ2vunX6qRD62Hmm-iVMY0elLoFT-EIi6,pop,tracks/UgkxQ2vunX6qRD62Hmm-iVMY0elLoFT-EIi6.mp3
516,Carly Rae Jepsen,Call Me Maybe,4,1,5,1,2,5,4,2,1,20I6sIOMTCkB6w7ryavxtO,Ugkx7nuzh5p4B3mymnX8p7pciy6U4bGO9ZXG,pop,tracks/Ugkx7nuzh5p4B3mymnX8p7pciy6U4bGO9ZXG.mp3
517,Phil Collins,In The Air Tonight,4,3,5,3,5,4,3,2,2,2pE8dUPeueXKizEyiPtE1p,Ugkxw1ixoCUDtCHj7jw6ofycwBANBlucIgq0,pop,tracks/Ugkxw1ixoCUDtCHj7jw6ofycwBANBlucIgq0.mp3
518,Jeff Buckley,Hallelujah,5,5,5,5,5,2,1,1,4,3pRaLNL3b8x5uBOcsgvdqM,Ugkx3Nc814TcxO-G_AXns5Xue2NuEcobit8S,pop,tracks/Ugkx3Nc814TcxO-G_AXns5Xue2NuEcobit8S.mp3
519,Oli Brown,Speechless,2,1,2,2,3,5,3,2,1,6brUC8EwzQljB17IQpmxgW,,pop,tracks/6brUC8EwzQljB17IQpmxgW.mp3
520,Justin Timberlake,My Love,3,2,2,4,3,5,4,2,1,4NeOWqHmlrGRuBvsLJC9rL,UgkxhOPsGjvMcvDrm4YVta_y5I3IDE07ggY2,pop,tracks/UgkxhOPsGjvMcvDrm4YVta_y5I3IDE07ggY2.mp3
521,Taylor Swift,Look What You Made Me Do,2,2,1,2,1,5,5,3,1,1P17dC1amhFzptugyAO7Il,UgkxhNIkx010o6POamLFkc2AvaoO7G626kbK,pop,tracks/UgkxhNIkx010o6POamLFkc2AvaoO7G626kbK.mp3
522,Ellie Goulding,Burn,3,3,2,2,2,5,4,1,1,2GgxS8bUT5G25QJTsfSv0R,UgkxmuHMNHsXBXefloeDyAVJIFh_i5O8Qdxs,pop,tracks/UgkxmuHMNHsXBXefloeDyAVJIFh_i5O8Qdxs.mp3
523,Oasis,All Around The World,4,3,5,3,5,4,2,1,1,6ZYgoD3c2aE4dD3yVFWV51,UgkxreRETbkMZSaBQX_aDuMWp7DlWgYB0p7U,pop,tracks/UgkxreRETbkMZSaBQX_aDuMWp7DlWgYB0p7U.mp3
524,Luis Fonsi,Despacito,4,2,3,4,1,5,4,2,1,6habFhsOp2NvshLv26DqMb,Ugkx3aqdcQliJn9s6shIu043MT1wM_GcAsyy,pop,tracks/Ugkx3aqdcQliJn9s6shIu043MT1wM_GcAsyy.mp3
525,Steely Dan,Do It Again,3,1,3,2,3,5,3,1,1,2BstRQGodshjGpeDGQiNgo,Ugkx3zDuvKgpZ8dufXa5tiAnYFUgRm-hcxQw,pop,tracks/Ugkx3zDuvKgpZ8dufXa5tiAnYFUgRm-hcxQw.mp3
526,The Beach Boys,Good Vibrations,4,2,4,2,4,5,3,1,1,6aU6a9tdn2vHhnPGlboFZX,UgkxoWtHfVqF7dqNB3LH94zBUkV0DScEs0Gm,pop,tracks/UgkxoWtHfVqF7dqNB3LH94zBUkV0DScEs0Gm.mp3
527,OutKast,Roses,3,1,2,1,3,5,3,2,1,6bUNEbXT7HovLW6BgPCBsb,Ugkxi_bJRX4Fid-vQZze8VEWJCL281moKEan,pop,tracks/Ugkxi_bJRX4Fid-vQZze8VEWJCL281moKEan.mp3
528,Mac Demarco,Salad Days,2,2,2,3,5,2,1,2,2,5VdaMUzoQetwxQwtWAd022,UgkxEzsxY4JhCdP_WCCAMgxR5_3sXfrhvJ6r,pop,tracks/UgkxEzsxY4JhCdP_WCCAMgxR5_3sXfrhvJ6r.mp3
529,Wrabel,The Village,5,3,3,4,5,3,2,1,3,6epvwUINain4iSHCTWA0sj,UgkxpnhiQPUtgAkHJTcKBqBX4YVnznIpklej,pop,tracks/UgkxpnhiQPUtgAkHJTcKBqBX4YVnznIpklej.mp3
530,Hey Judeschka!,ImmerwiederSommertag,3,2,3,4,5,2,1,1,2,0Us9gRoh9xyD6aPSo1SBIR,UgkxWLVqzZ11njLTSueB2OPYpS2MgTWdFEDZ,pop,tracks/0Us9gRoh9xyD6aPSo1SBIR.mp3
531,Zara Larsson,Lush Life,4,1,3,1,2,5,3,1,1,1rIKgCH4H52lrvDcz50hS8,Ugkxw_lqLsqg-q51fa3xN3ZizS8en_o0TgQz,pop,tracks/Ugkxw_lqLsqg-q51fa3xN3ZizS8en_o0TgQz.mp3
532,Backstreet Boys,Everybody,5,1,5,1,1,5,5,2,1,1di1BEgJYzPvXUuinsYJGP,UgkxLGSKI0SJjf-ZvA0lqIxxIBeF4wnzxeoA,pop,tracks/UgkxLGSKI0SJjf-ZvA0lqIxxIBeF4wnzxeoA.mp3
533,Chain Smokers,Paris,4,1,5,4,4,4,2,1,1,15vzANxN8G9wWfwAJLLMCg,UgkxVjM_EF_78oGI1czS-hLHl4C7_Y9IRM80,pop,tracks/UgkxVjM_EF_78oGI1czS-hLHl4C7_Y9IRM80.mp3
534,Imogen Heap,Hide and Seek,2,2,4,1,3,1,1,2,3,7mMlbJlXXo2mRtQ4R9sIzD,UgkxReRV3zEnaaqLnC9E3lodVi2eVKn2keyd,pop,tracks/UgkxReRV3zEnaaqLnC9E3lodVi2eVKn2keyd.mp3
535,Kings of Leon,Sex On Fire,3,3,4,3,2,5,5,1,1,0ntQJM78wzOLVeCUAW7Y45,UgkxeipZj-Geg6h0swKe_l1n5xckMLymaiBf,pop,tracks/UgkxeipZj-Geg6h0swKe_l1n5xckMLymaiBf.mp3
536,M.I.A.,Paper Planes,2,1,2,1,1,5,4,3,1,4YOH3cBrhf4F6T4iYFUdz5,UgkxybLbk7xO9Z4sFmjacBa0Ltbd5UZqfUhs,pop,tracks/UgkxybLbk7xO9Z4sFmjacBa0Ltbd5UZqfUhs.mp3
537,Of Monsters and Men,Empire,4,3,3,4,4,4,3,1,1,4M9lfUgDeLHu1fL2ZxZSlu,Ugkxf0nw-6_MLp5IkVeSr8bGhMovsOLM3g9p,pop,tracks/Ugkxf0nw-6_MLp5IkVeSr8bGhMovsOLM3g9p.mp3
538,Backstreet Boys,I Want It That Way,3,1,5,2,4,5,2,1,1,47BBI51FKFwOMlIiX6m8ya,Ugkx0gbLayRz3zpWm6_vvRZe5ZydozAlA7_q,pop,tracks/Ugkx0gbLayRz3zpWm6_vvRZe5ZydozAlA7_q.mp3
539,Namika,Lieblingsmensch,4,2,3,3,4,5,2,1,1,6oHDvarQSp0mf5AD1SyNH0,UgkxqVu8pqoC_JLiPG0UHV9Ch31JWCxVjNSp,pop,tracks/UgkxqVu8pqoC_JLiPG0UHV9Ch31JWCxVjNSp.mp3
540,Marvin Gaye,Lets Get It On,4,1,4,5,4,5,1,1,1,39l1UORIhuHvUWfxG53tRZ,UgkxrgHhtdgm5mEhCoBwSVYmf1Tmps9exZ9S,pop,tracks/UgkxrgHhtdgm5mEhCoBwSVYmf1Tmps9exZ9S.mp3
541,Owl City,Fireflies,5,2,5,2,4,5,2,1,1,3DamFFqW32WihKkTVlwTYQ,UgkxdG32gFqfrJg0dGGYY_uteAlllbNoqQwj,pop,tracks/UgkxdG32gFqfrJg0dGGYY_uteAlllbNoqQwj.mp3
542,Babybird,If You'll Be Mine,3,1,3,4,5,3,2,1,1,5EMnZ3vruQchFxvGTxr0zH,,pop,tracks/5EMnZ3vruQchFxvGTxr0zH.mp3
543,Gnarls Barkley,Crazy,4,3,3,2,5,5,4,2,1,1vxw6aYJls2oq3gW0DujAo,UgkxURrovlQ8eMOBWDrOOu1soG2CoeI5XVan,pop,tracks/UgkxURrovlQ8eMOBWDrOOu1soG2CoeI5XVan.mp3
544,Lily Allen,Fuck You,4,1,3,1,4,5,5,2,1,6ylAVPbjRQoNY0khgh63Jf,UgkxNxvXBP4fzk9Y_nNCKiyXZmnPaPkbt-Rm,pop,tracks/6ylAVPbjRQoNY0khgh63Jf.mp3
545,Pitbull,Better On Me,2,2,2,3,4,5,3,2,1,0vLlEo1D4VRiGzMLxLbsh2,UgkxCR_Az098RiwjH07R9_uAqtt8bx0xOmNm,pop,tracks/UgkxCR_Az098RiwjH07R9_uAqtt8bx0xOmNm.mp3
546,Beyonce,Halo,4,4,4,3,3,4,5,2,2,2MfOcbtgz2yTsiznFmVZUN,UgkxOQ0jGF0Dy7qev4oDn0V5sTNumm48WRwH,pop,tracks/UgkxOQ0jGF0Dy7qev4oDn0V5sTNumm48WRwH.mp3
547,Elle King,Ex's &Oh's,5,3,3,2,2,5,5,2,1,70eDxAyAraNTiD6lx2ZEnH,Ugkx3wz3aVo_p1Uhr4T5tZitbHQC7eywoKY0,pop,tracks/Ugkx3wz3aVo_p1Uhr4T5tZitbHQC7eywoKY0.mp3
548,B.O.B.,Nothing On You,5,3,4,4,4,5,3,1,1,4X5xWMINgGA6l0GoyYkMcr,UgkxCgXfMr1h4vSaB0uGDI1TrXKL-83WFZyR,pop,tracks/UgkxCgXfMr1h4vSaB0uGDI1TrXKL-83WFZyR.mp3
549,Five for fighting,Easy Tonight,2,3,5,4,4,4,2,2,1,57PHqrPsX6E7OX9LeKSo9Q,UgkxM7QItiIp2cz1B295WAqIJIkGqlE7qAyn,pop,tracks/UgkxM7QItiIp2cz1B295WAqIJIkGqlE7qAyn.mp3
550,Avril Lavigne,Complicated,2,3,5,2,3,5,4,1,2,5xEM5hIgJ1jjgcEBfpkt2F,UgkxuBVPqF9HZrtcJEF8rMIYYpIpE-L4pVku,pop,tracks/UgkxuBVPqF9HZrtcJEF8rMIYYpIpE-L4pVku.mp3
551,Miley Cyrus,Party In The U.S.A,5,2,4,1,3,5,5,2,1,3E7dfMvvCLUddWissuqMwr,UgkxXAnhmK-cr-gWYaL5HcGGdfTE8wYQKhOv,pop,tracks/UgkxXAnhmK-cr-gWYaL5HcGGdfTE8wYQKhOv.mp3
552,The Beach Boys,Wouldn't It Be Nice,5,2,5,2,4,5,3,1,1,6VojZJpMyuKClbwyilWlQj,UgkxMIFrldamm2elSRJqGxtQq0EoLtw-RNtM,pop,tracks/6VojZJpMyuKClbwyilWlQj.mp3
553,Kodaline,High Hopes,4,2,5,5,5,2,1,1,4,6KkyuDhrEhR5nJVKtv9mCf,UgkxxE0UPyXSqBdOkLWuvGyyXu5YDHRdkCQw,pop,tracks/UgkxxE0UPyXSqBdOkLWuvGyyXu5YDHRdkCQw.mp3
554,Dido,White Flag,2,3,5,4,5,3,1,2,2,6si71supnBUhddjR2FJc2L,UgkxnYU_OFSe4XiAc_DMg7cgtb4VSIZP6bC4,pop,tracks/UgkxnYU_OFSe4XiAc_DMg7cgtb4VSIZP6bC4.mp3
555,Bon Jovi,Livin On A Prayer,4,2,4,1,2,5,5,2,1,37ZJ0p5Jm13JPevGcx4SkF,Ugkx1Hg6Vaur-0wpdBAYuTD9Axnx8hIk9Txb,pop,tracks/Ugkx1Hg6Vaur-0wpdBAYuTD9Axnx8hIk9Txb.mp3
556,Amy Macdonald,Mr Rock & Roll,3,1,4,3,3,5,2,1,1,6aX2LyT7zpTLe3iZfDeHki,Ugkxc-nb6hieiIpaGqLhKJjFkteZrVSD_QiV,pop,tracks/Ugkxc-nb6hieiIpaGqLhKJjFkteZrVSD_QiV.mp3
557,Alicia Keys,If I Ain't Got You,4,3,5,5,5,3,2,2,2,3XVBdLihbNbxUwZosxcGuJ,UgkxrPlnq-ux8G190EZ5mqQatzID-YW3YEvl,pop,tracks/UgkxrPlnq-ux8G190EZ5mqQatzID-YW3YEvl.mp3
558,Daniel Powter,Bad Day,4,2,5,5,5,5,2,1,1,0mUyMawtxj1CJ76kn9gIZK,UgkxMYoWzQiOOQF8zBwxt7jFT2OSI6ZITlE8,pop,tracks/UgkxMYoWzQiOOQF8zBwxt7jFT2OSI6ZITlE8.mp3
559,Tal Bachman,Shes So High,5,1,4,2,2,5,2,1,1,7mnGQesk1TzQLzQ9bYWZPR,Ugkxwy59jnh0aLgiwec-cn7Ze5u52Ywm7hrZ,pop,tracks/Ugkxwy59jnh0aLgiwec-cn7Ze5u52Ywm7hrZ.mp3
560,Rihanna,Work,2,1,1,2,2,5,3,2,1,72TFWvU3wUYdUuxejTTIzt,Ugkx-Gw9o8IZlUypDB7WXEGl557bAxwpnJDF,pop,tracks/Ugkx-Gw9o8IZlUypDB7WXEGl557bAxwpnJDF.mp3
561,David Gray,Please Forgive me,3,2,2,1,3,3,1,2,1,2H0oiflYrs8PPjOxZ5TdIu,Ugkx5ik9HReAChsNTE22YWQIw-mB6CM4BcGX,pop,tracks/Ugkx5ik9HReAChsNTE22YWQIw-mB6CM4BcGX.mp3
562,Paramore,The Only Exception,2,2,4,3,4,3,1,1,2,3ZHfX6kbiY7JVsB63lLOLu,UgkxnciX8ktBt6h1hcv0NlSR362q0NW7a92F,pop,tracks/UgkxnciX8ktBt6h1hcv0NlSR362q0NW7a92F.mp3
563,Imogen Heap,Goodnight And Go,2,1,2,3,3,3,1,2,1,0vfWzo75MKGYiQSiT5jEzt,Ugkx0_zmov0mmcvdoztrLoB4ya2XNEHl0YxG,pop,tracks/Ugkx0_zmov0mmcvdoztrLoB4ya2XNEHl0YxG.mp3
564,Arctic Monkeys,Do I Wanna Know,4,4,4,2,3,4,4,1,1,5FVd6KXrgO9B3JPmC8OPst,Ugkx3C93_K7mw93V4DJ7PUu7FluA0Qo_7WQf,pop,tracks/Ugkx3C93_K7mw93V4DJ7PUu7FluA0Qo_7WQf.mp3
565,Neil Diamond,I Am....I Said,3,1,2,2,2,2,2,1,1,67nKQBktGIafE3DBW3Cbe4,Ugkx0lQDjM2adlxSETV95beTn_cIlHl0YSd_,pop,tracks/Ugkx0lQDjM2adlxSETV95beTn_cIlHl0YSd_.mp3
566,Angus and Julia Stone,Big Jet Plane,3,2,4,3,5,2,1,1,2,3HedB2EwVAj5MAx8xFE1ea,Ugkxv_U_qXBVuH3ODIY2urwJsO0Rm6HEYYJB,pop,tracks/Ugkxv_U_qXBVuH3ODIY2urwJsO0Rm6HEYYJB.mp3
567,George Ezra,Budapest,5,3,4,2,5,5,2,2,1,2ixsaeFioXJmMgkkbd4uj1,Ugkxfu-9yJ7j2Z4EQTwH4ks0kQ_q9djUdd57,pop,tracks/Ugkxfu-9yJ7j2Z4EQTwH4ks0kQ_q9djUdd57.mp3
568,Marvin Gaye,Sexual Healing,4,2,2,5,4,5,3,2,1,3VZmChrnVW8JK6ano4gSED,Ugkx80MBio8Ru7rwkMHlrJ0potrMvWLEoW0z,pop,tracks/Ugkx80MBio8Ru7rwkMHlrJ0potrMvWLEoW0z.mp3
569,The Kooks,Naive,4,3,5,3,4,5,3,1,1,7BHPGtpuuWWsvE7cCaMuEU,UgkxIfqh2W_vjI850bs5t59AQ3eY3r_9m6ib,pop,tracks/UgkxIfqh2W_vjI850bs5t59AQ3eY3r_9m6ib.mp3
570,Frank Ocean,Thinkin Bout You,3,1,3,3,4,3,1,3,1,5mphdlILgAq3vh1MSvAJTS,,pop,tracks/5mphdlILgAq3vh1MSvAJTS.mp3
571,Genesis,I Can't Dance,1,1,2,1,2,5,3,2,1,6AvvAzzOEUs9orFhDkOPOl,Ugkxs6xZ8_CXN9nQPg6c1oWdhjnaa0l2DOw_,pop,tracks/Ugkxs6xZ8_CXN9nQPg6c1oWdhjnaa0l2DOw_.mp3
572,Black Eyed Peas,I Gotta Feeling,5,2,5,1,2,5,5,2,1,4kLLWz7srcuLKA7Et40PQR,UgkxHufLO18mbaTP7D7J51qS37IciumNGtZo,pop,tracks/UgkxHufLO18mbaTP7D7J51qS37IciumNGtZo.mp3
573,Shakira,Underneath your clothes,2,1,4,4,5,3,1,1,1,15f8Cv8RXUlOOCIf2oaceN,UgkxoXLglRH8n4Kx6C91YXsPk-v5_tk69Ba7,pop,tracks/UgkxoXLglRH8n4Kx6C91YXsPk-v5_tk69Ba7.mp3
574,James Morrison,I Won't Let You Go,2,1,4,4,4,3,1,1,2,2TUzU4IkfH8kcvY2MUlsd2,UgkxXmZvBwLkvJDUaEv5UH6CjoJ8Tr0VkKlZ,pop,tracks/UgkxXmZvBwLkvJDUaEv5UH6CjoJ8Tr0VkKlZ.mp3
575,Lianne La Havas,What You Don't Do,3,2,1,3,2,5,3,2,1,4mityPmJpqtHea3y9qZLg6,UgkxddAnp6m4kzA6iMpgHBC-9slf5WbZaUXQ,pop,tracks/4mityPmJpqtHea3y9qZLg6.mp3
576,Maggie reilly,Everytime We Touch,2,1,4,4,4,3,2,2,1,2n9Ni9TFPcNHCdoPOQKXZ6,,pop,tracks/2n9Ni9TFPcNHCdoPOQKXZ6.mp3
577,Akon,Lonely,4,1,5,3,3,4,1,1,3,4v7DCN09hgXkKazefkznDQ,Ugkx5Nbr6OxWbldg37V8L7Gmto0Ncrnq_rbv,pop,tracks/Ugkx5Nbr6OxWbldg37V8L7Gmto0Ncrnq_rbv.mp3
578,Tame Impala,The Less I Know The Better,4,2,5,3,5,4,2,1,1,6K4t31amVTZDgR3sKmwUJJ,UgkxCJJtlS2-YFNqRIhOvg1e_JqCaau9avkP,pop,tracks/UgkxCJJtlS2-YFNqRIhOvg1e_JqCaau9avkP.mp3
579,Bag Raiders,Shooting Stars,5,2,4,2,4,5,3,2,1,0UeYCHOETPfai02uskjJ3x,UgkxAR8m_aazONenJf1M02Bo3_Zb65m0lLtH,pop,tracks/UgkxAR8m_aazONenJf1M02Bo3_Zb65m0lLtH.mp3
580,Gary Jules,Mad World,4,2,5,2,4,1,1,1,5,3JOVTQ5h8HGFnDdp4VT3MP,UgkxtyssG62_onzp6HEPprFdOI9dOulolVnR,pop,tracks/3JOVTQ5h8HGFnDdp4VT3MP.mp3
581,Mark Ronson,Uptown Funk,5,2,2,1,4,5,5,2,1,32OlwWuMpZ6b0aN2RZOeMS,UgkxAtoariM8O0ql3atpeX96wd-ObqBs0aW_,funk_soul,tracks/UgkxAtoariM8O0ql3atpeX96wd-ObqBs0aW_.mp3
582,The Beatles,Let It Be,5,4,5,5,5,4,2,1,2,7iN1s7xHE4ifF5povM6A48,UgkxeQzl6iTLYXcapbCRDdFnu72hh36c4zrh,pop,tracks/7iN1s7xHE4ifF5povM6A48.mp3
583,Eric Clapton,Tears In Heaven,5,4,5,5,5,1,1,1,4,7utRJ4BeYx85khzP3lKoBX,UgkxxEFa8-Gy3pVOySexdjb0g18Q75s0Le1z,pop,tracks/UgkxxEFa8-Gy3pVOySexdjb0g18Q75s0Le1z.mp3
584,Lola Marsh,Wishing Girl,3,3,2,2,4,3,1,2,1,2iawlVRHk4Q9aPg0OgG20D,UgkxryzdwbzDKWLWBfxb50LhzI49iot0WfJg,pop,tracks/UgkxryzdwbzDKWLWBfxb50LhzI49iot0WfJg.mp3
585,Bilderbuch,Maschin,2,1,2,1,3,4,3,3,1,2Lg1njXKvhgv72U9QkrwXi,UgkxbEuXpB48AVtJ2zkcUd5JdK5PfnA7tM7g,pop,tracks/UgkxbEuXpB48AVtJ2zkcUd5JdK5PfnA7tM7g.mp3
586,Fletwood Mac,Dreams,3,3,5,4,5,4,1,1,1,0ofHAoxe9vBkTCp2UQIavz,UgkxQMbhr2z_eKAUDgf3qBfU2f1FvLS8GTTw,pop,tracks/UgkxQMbhr2z_eKAUDgf3qBfU2f1FvLS8GTTw.mp3
587,Oasis,Don't Look Back In Anger,3,2,5,4,4,4,1,2,2,7ppPZa3TRUSGKaks9wH7VT,UgkxGLHNNhV7rad3bX2cNrSRHsnwCODOvyfH,pop,tracks/UgkxGLHNNhV7rad3bX2cNrSRHsnwCODOvyfH.mp3
588,Der Junge mit der Gitarre,Hallo Worum Gehts Ich Bin Dagegen,3,2,1,1,1,5,4,2,1,2v9P6UeIJkWBz2NnvGvZIr,,pop,tracks/2v9P6UeIJkWBz2NnvGvZIr.mp3
589,Chris Brown,Forever,4,1,3,3,2,5,3,2,1,3NZJlJemX3mzjf56MqC5ML,UgkxNpWUdgUpfH9Roy0ITwjbRuhWVxQDotFM,pop,tracks/UgkxNpWUdgUpfH9Roy0ITwjbRuhWVxQDotFM.mp3
590,Ryan Adams,Lucky Now,4,3,3,4,5,4,1,2,1,4roEQeLnZ0d96fDnRdXXW6,UgkxEIuT5mlCEfm4iPSjO__t1lazNBSBjep7,pop,tracks/4roEQeLnZ0d96fDnRdXXW6.mp3
591,Amy Winehouse,Back To Black,4,3,5,4,4,4,3,1,1,3FAclTFfvUuQYnEsptbK8w,UgkxIuGIDESDyUqSy4h9o9z3eBocW-G2GWAz,pop,tracks/UgkxIuGIDESDyUqSy4h9o9z3eBocW-G2GWAz.mp3
592,VersaEmerge,Mind Reader,2,2,3,2,1,3,5,4,2,2b9ge09fnhEVVmkS8BjqRu,,rock,tracks/2b9ge09fnhEVVmkS8BjqRu.mp3
593,East 17,it's alright - the guvnor mix,1,2,1,1,1,5,2,3,1,0hiUOCWNdPefjaEAjcJ8Cq,,pop,tracks/0hiUOCWNdPefjaEAjcJ8Cq.mp3
594,Madonna,Intervention,3,4,3,3,2,5,5,2,2,7BxLHR4ApH0n4rx10KAWOo,,pop,tracks/7BxLHR4ApH0n4rx10KAWOo.mp3
595,Nina Simone,I Want a Little Sugar in My Bowl,4,3,5,5,5,3,2,1,4,3NcJu9876GBJuNU6vJOrbb,,jazz,tracks/3NcJu9876GBJuNU6vJOrbb.mp3
596,Draconian,"Death, Come Near Me",2,4,2,3,2,1,2,4,5,0xaf0rzKil2j5Yd2Fiz9SL,,rock,tracks/0xaf0rzKil2j5Yd2Fiz9SL.mp3
597,Tony Bennett,Rags to Riches,4,2,5,4,4,4,2,2,2,4BH8EuPAxeFAh1rSWtnGdD,,jazz,tracks/4BH8EuPAxeFAh1rSWtnGdD.mp3
598,Noah and the Whale,Tonight's The Kind Of Night,4,3,4,3,2,5,4,2,2,1UFnmge9gtAcrWICSptE9e,,pop,tracks/1UFnmge9gtAcrWICSptE9e.mp3
599,Kelly Clarkson,Breakaway,4,4,5,4,5,3,3,1,3,3xrn9i8zhNZsTtcoWgQEAd,,pop,tracks/3xrn9i8zhNZsTtcoWgQEAd.mp3
600,Infected Mushroom,Here We Go Go Go,3,4,2,1,1,5,5,3,1,5wTudWQXd6Sjy6nH22fsYv,,electronic,tracks/5wTudWQXd6Sjy6nH22fsYv.mp3
601,The Moody Blues,Melancholy Man,3,4,3,2,3,4,5,3,2,1NeQzAqahRYI09bgLbhVFN,,rock,tracks/1NeQzAqahRYI09bgLbhVFN.mp3
602,Britney Spears,"I'm Not a Girl, Not Yet a Woman",5,5,5,5,4,5,5,2,3,1xg1yGPy1Y3YUf44s6TB1o,,pop,tracks/1xg1yGPy1Y3YUf44s6TB1o.mp3
603,Maria Bethï¿½nia,Olhos Nos Olhos,4,2,3,5,5,2,2,1,4,1UBJvypv5W1GNoplpc2EYl,,jazz,tracks/1UBJvypv5W1GNoplpc2EYl.mp3
604,Daft Punk,Give Life Back to Music,2,1,2,1,3,5,4,1,1,0dEIca2nhcxDUV8C5QkPYb,,funk_soul,tracks/0dEIca2nhcxDUV8C5QkPYb.mp3
605,Boys Like Girls,Leaving California,4,3,4,5,5,2,2,1,5,0Vm3wrODAsNdUvCcy15aZT,,rock,tracks/0Vm3wrODAsNdUvCcy15aZT.mp3
606,Phil Collins,Two Hearts,2,1,5,4,2,5,3,1,1,0vDSWxRlWN0LWsSQdGIPuE,,rock,tracks/0vDSWxRlWN0LWsSQdGIPuE.mp3
607,Mayday Parade,Your Song,2,3,4,2,2,4,5,5,4,7va0FN5Fim1dNPi06sqxVx,,rock,tracks/7va0FN5Fim1dNPi06sqxVx.mp3
608,Fall Out Boy,Get Busy Living or Get Busy Dying (Do Your Part to Save the Scene and Stop Going to Shows),2,3,1,2,1,5,5,3,1,4903HFfvLIQ8ujvQ0ARNGI,,rock,tracks/4903HFfvLIQ8ujvQ0ARNGI.mp3
609,Krewella,Marching On,3,2,2,3,3,4,4,2,2,5LVj9daVd1q6fjICKyvl7Y,,electronic,tracks/5LVj9daVd1q6fjICKyvl7Y.mp3
610,Alice Dj,Better Off Alone,4,4,5,3,3,5,5,2,1,0pMUR7Uvp6vxlbG0qBFvgM,,electronic,tracks/0pMUR7Uvp6vxlbG0qBFvgM.mp3
611,Metronomy,I'm Aquarius,2,2,2,2,3,3,1,2,1,3xEJ59GyjCjcJ69RQc2ej6,,pop,tracks/3xEJ59GyjCjcJ69RQc2ej6.mp3
612,Tim Maia,Pecado Capital,3,2,3,2,2,5,3,1,1,55g9c7lad0VCcg1PEdJaHl,,funk_soul,tracks/55g9c7lad0VCcg1PEdJaHl.mp3
613,ATB,Desperate Religion,4,4,3,3,5,3,4,3,2,5BZ0weLeQoPuVLROuXb0sV,,electronic,tracks/5BZ0weLeQoPuVLROuXb0sV.mp3
614,Beverley Knight,Hurricane Jane,4,3,5,5,5,4,4,1,1,4zcSLDrG6E0GkysBuh2fD3,,funk_soul,tracks/4zcSLDrG6E0GkysBuh2fD3.mp3
615,Alex Clare,Too Close,4,4,5,3,4,5,5,2,2,4sK96UnGx3NjBaqvfTG2dm,,electronic,tracks/4sK96UnGx3NjBaqvfTG2dm.mp3
616,Yoav,Club Thing,1,3,2,3,3,3,3,3,1,7LDqph6mv9A5uzlzuXfhyL,,electronic,tracks/7LDqph6mv9A5uzlzuXfhyL.mp3
617,Sly & The Family Stone,Everyday People,3,2,5,5,5,5,5,2,2,7lL2lMWNtzOcf5HnEudNgn,,funk_soul,tracks/7lL2lMWNtzOcf5HnEudNgn.mp3
618,Toquinho,Garota de Ipanema,2,1,4,2,4,5,2,2,1,0KtpvAIKMUD4wSsHv25IMn,,jazz,tracks/0KtpvAIKMUD4wSsHv25IMn.mp3
619,Tony Toni Tonï¿½,Feels Good,2,2,5,2,2,5,4,2,1,4cRR2gUTOerkUOW5iZpm91,,funk_soul,tracks/4cRR2gUTOerkUOW5iZpm91.mp3
620,London Grammar,Hey Now (Arty Remix),5,5,4,4,5,4,3,2,4,1CUYpY3GpRNkKnn3cEQ2nK,,electronic,tracks/1CUYpY3GpRNkKnn3cEQ2nK.mp3
621,Sara Gazarek,Yours,1,1,4,5,5,4,1,1,1,3STjN5FAkJiljtZzrSeE0I,,jazz,tracks/3STjN5FAkJiljtZzrSeE0I.mp3
622,Karrin Allyson,Moanin',4,3,4,3,5,5,2,2,1,2FcKhzTwtj5wKdri7bXBMK,,jazz,tracks/2FcKhzTwtj5wKdri7bXBMK.mp3
623,Astrud Gilberto,And Roses And Roses,4,3,5,5,5,3,1,2,4,0BEn0rwSyzuvhKgZ7GLbyO,,jazz,tracks/0BEn0rwSyzuvhKgZ7GLbyO.mp3
624,Paul Davis,Cool Night,4,3,5,5,5,3,3,1,2,29KyVqHekckVGfxHn8QS7m,,rock,tracks/29KyVqHekckVGfxHn8QS7m.mp3
625,Steely Dan,Blues Beach,3,2,3,4,2,5,3,1,1,1RHIgJN4USj9Buggihf2Pn,,rock,tracks/1RHIgJN4USj9Buggihf2Pn.mp3
626,Billie Holiday,The Man I Love,3,3,5,5,5,1,1,2,3,0ndEbK6LnERIPBG6t4gXDX,,jazz,tracks/0ndEbK6LnERIPBG6t4gXDX.mp3
627,James Blake,Timeless,1,2,1,1,1,2,4,5,1,49jxn2Mdde8QZUx0AlbD0l,,electronic,tracks/49jxn2Mdde8QZUx0AlbD0l.mp3
628,Eliane Elias,Time Alone,2,2,4,5,5,1,1,1,3,1hYd1uyB9HQpf4icjtBQoB,,jazz,tracks/1hYd1uyB9HQpf4icjtBQoB.mp3
629,Lykke Li,"I'm Good, I'm Gone",2,1,2,1,2,5,3,1,1,2GjycBB2VHP4NSIzUrJkrE,,pop,tracks/2GjycBB2VHP4NSIzUrJkrE.mp3
630,Santigold,Disparate Youth,4,3,4,3,3,5,5,3,1,0t2QiRkpag0fAgs9zuCPlH,,electronic,tracks/0t2QiRkpag0fAgs9zuCPlH.mp3
631,Maysa,Dindi,5,4,4,5,5,3,2,1,4,6cc51rDYn6G9lahsZk3Fsh,,jazz,tracks/6cc51rDYn6G9lahsZk3Fsh.mp3
632,Girls Aloud,I'll Stand by You,5,5,5,5,5,4,5,2,4,5AEAf1PGC0B6Z1iVE1j8oY,,pop,tracks/5AEAf1PGC0B6Z1iVE1j8oY.mp3
633,Marina and the Diamonds,Gold,4,2,2,4,3,5,2,1,1,31cL2Hdc40Rck0wH1sDEja,,pop,tracks/31cL2Hdc40Rck0wH1sDEja.mp3
634,2NE1,In the Club,4,2,2,3,2,3,4,2,2,6ZkNt6fWIMoqznNe5RRwRT,,pop,tracks/6ZkNt6fWIMoqznNe5RRwRT.mp3
635,The Starting Line,The Best of Me,1,2,4,1,1,5,5,2,2,1Up4RdOBpChNDytatxKDXP,,rock,tracks/1Up4RdOBpChNDytatxKDXP.mp3
636,Suede,The Power,3,2,4,2,3,2,2,2,2,4fwpiQo9zk7AMd3jK4cxmU,,pop,tracks/4fwpiQo9zk7AMd3jK4cxmU.mp3
637,Bruno Mars,Treasure,4,2,4,3,2,5,5,2,1,55h7vJchibLdUkxdlX3fK7,,funk_soul,tracks/55h7vJchibLdUkxdlX3fK7.mp3
638,Teena Marie,365,3,2,4,5,4,5,4,2,1,7w7OoMSngihtJTSbG8HLWV,,funk_soul,tracks/7w7OoMSngihtJTSbG8HLWV.mp3
639,"Earth, Wind & Fire",Let's Groove,5,4,5,5,4,5,5,2,1,3koCCeSaVUyrRo3N2gHrd8,,funk_soul,tracks/3koCCeSaVUyrRo3N2gHrd8.mp3
640,Diana Krall,Walk On By,4,2,4,3,5,5,3,2,1,4jZRI1v2LLaDTshDW9qruu,,jazz,tracks/4jZRI1v2LLaDTshDW9qruu.mp3
641,Gnarls Barkley,Just a Thought,3,2,3,2,2,2,3,5,5,5xNUIReo5O6W1LRp2OKJty,,funk_soul,tracks/5xNUIReo5O6W1LRp2OKJty.mp3
642,Cï¿½u,Mais um Lamento,3,2,3,2,4,3,1,2,1,7Ms8NNySNGSNtjYtdBqrMD,,jazz,tracks/7Ms8NNySNGSNtjYtdBqrMD.mp3
643,James Blake,Overgrown,2,2,3,3,5,1,1,2,4,2IqjKEBiz0CdLKdkXhxw84,,electronic,tracks/2IqjKEBiz0CdLKdkXhxw84.mp3
644,Lasgo,Blue,3,5,4,2,3,5,5,4,2,1U9FOQOkDsnwlz3SXBCPcg,,electronic,tracks/1U9FOQOkDsnwlz3SXBCPcg.mp3
645,Laura Pausini,Jenny,3,3,3,5,4,2,2,1,3,51ulZ6HIucARLOODM8smpU,,pop,tracks/51ulZ6HIucARLOODM8smpU.mp3
646,Nina Simone,Sinnerman,3,3,2,2,3,5,3,4,1,5xRP5iyVdGglqlY4Vcjhkx,,jazz,tracks/5xRP5iyVdGglqlY4Vcjhkx.mp3
647,ABBA,Lay All Your Love on Me,3,5,5,5,2,5,5,3,3,2245x0g1ft0HC7sf79zbYN,,pop,tracks/2245x0g1ft0HC7sf79zbYN.mp3
648,Katatonia,Last Resort,1,2,4,1,2,3,3,5,4,2gtu8xsu1VGahuRJ2YZAHA,,rock,tracks/2gtu8xsu1VGahuRJ2YZAHA.mp3
649,Christopher Cross,Ride Like the Wind,2,2,3,1,3,4,2,1,1,7gUMShP1l20tC0xf17Zplk,,rock,tracks/7gUMShP1l20tC0xf17Zplk.mp3
650,Beyoncï¿½,Blow Remix,2,2,3,4,3,5,5,2,1,0GjDYSp1bNyjggwPadwlyf,,funk_soul,tracks/0GjDYSp1bNyjggwPadwlyf.mp3
651,Camila,Mientes,4,1,3,5,4,3,1,1,2,5EhzE6HJaCcLFrf5rPqvpk,,pop,tracks/5EhzE6HJaCcLFrf5rPqvpk.mp3
652,Billie Holiday,Strange Fruit,4,3,5,5,5,1,2,2,5,1CTex49P0iWwzUGsMNjgaV,,jazz,tracks/1CTex49P0iWwzUGsMNjgaV.mp3
653,Alesso,Sweet Escape,4,5,3,2,2,5,5,3,1,6vPJvkEuWZPcv58NnQ3dBR,,electronic,tracks/6vPJvkEuWZPcv58NnQ3dBR.mp3
654,Louis Prima,Buona Sera,3,1,4,3,3,5,4,2,1,0DXm5n7SBxCED9ssTvrx2J,,jazz,tracks/0DXm5n7SBxCED9ssTvrx2J.mp3
655,Santigold,The Keepers,2,3,3,1,2,4,4,2,2,1BaVwEV5FogbZuCzpSc7Jl,,electronic,tracks/1BaVwEV5FogbZuCzpSc7Jl.mp3
656,Ella Fitzgerald,All of Me,2,2,5,2,2,5,3,1,1,0qZo9OzKPzg58Ts9ad4Bcy,,jazz,tracks/0qZo9OzKPzg58Ts9ad4Bcy.mp3
657,Knife Party,Centipede,2,2,2,1,1,4,4,5,1,0u2AIKDVafHwCFQ9LDnqxH,,electronic,tracks/0u2AIKDVafHwCFQ9LDnqxH.mp3
658,Kelly Clarkson,Love So Soft,2,1,2,3,1,5,5,3,1,16QN8cBubEq706vNtPpOME,,funk_soul,tracks/16QN8cBubEq706vNtPpOME.mp3
659,Madonna,He's a Man,1,1,2,2,2,2,3,2,2,4714JHYV5kiMKsuo8eP41E,,jazz,tracks/4714JHYV5kiMKsuo8eP41E.mp3
660,Fugees,Killing Me Softly with His Song,3,4,5,5,5,3,3,1,2,0Q0IVlqMV64kNLlwjPj0Hl,,funk_soul,tracks/0Q0IVlqMV64kNLlwjPj0Hl.mp3
661,Cheryl Lynn,Got To Be Real,3,2,4,2,2,5,4,3,1,58r4JuwHhXLAkttkaUZfLw,,funk_soul,tracks/58r4JuwHhXLAkttkaUZfLw.mp3
662,Louis Armstrong,Mood Indigo,4,3,5,4,5,3,1,1,3,1Fo98RNzO78WnMtkZKZXMW,,jazz,tracks/1Fo98RNzO78WnMtkZKZXMW.mp3
663,Ledisi,Alright,2,3,2,1,4,5,2,4,1,1wRQqmZwiF4thdQ8N7FiNv,,funk_soul,tracks/1wRQqmZwiF4thdQ8N7FiNv.mp3
664,Kandi,Don't Think I'm Not,1,1,3,4,2,4,3,1,2,487Dyzs7Xbbk4hIWYyYT80,,funk_soul,tracks/487Dyzs7Xbbk4hIWYyYT80.mp3
665,Feed Me,One Click Headshot,2,1,3,1,2,4,3,3,1,4z7t5KsfkxMC1PdOLgog4V,,electronic,tracks/4z7t5KsfkxMC1PdOLgog4V.mp3
666,Lana Del Rey,Video Games,5,5,5,5,5,2,5,2,5,24jvD83UgLmrdGjhWTFslY,,pop,tracks/24jvD83UgLmrdGjhWTFslY.mp3
667,Imogen Heap,Loose Ends,1,1,2,3,1,5,3,3,2,48Z9C1l1LfgpPxuQpfW2n6,,electronic,tracks/48Z9C1l1LfgpPxuQpfW2n6.mp3
668,Swing Out Sister,You On My Mind,1,2,2,2,3,4,2,2,1,4uYeKlfkLQMubZ9FhcbDfP,,jazz,tracks/4uYeKlfkLQMubZ9FhcbDfP.mp3
669,Burial,Broken Home,1,2,2,1,2,1,2,5,1,69P4h7GB5xQlIU6v1Qv7GN,,electronic,tracks/69P4h7GB5xQlIU6v1Qv7GN.mp3
670,Doris Day,Dream a Little Dream of Me,4,2,5,5,5,2,1,1,3,2HyPrPSANTIPkR6CfiytwY,,jazz,tracks/2HyPrPSANTIPkR6CfiytwY.mp3
671,Geri Halliwell,Love Never Loved Me,3,3,2,4,2,5,5,1,1,2s7DRQ5KxfMd4p53VH0viU,,pop,tracks/2s7DRQ5KxfMd4p53VH0viU.mp3
672,Legiï¿½o Urbana,Meninos E Meninas,2,3,4,2,1,5,3,2,1,22LN0RwHqTUJcIN4dzzB6N,,rock,tracks/22LN0RwHqTUJcIN4dzzB6N.mp3
673,Kylie Minogue,Did It Again,2,2,4,2,3,5,2,2,1,06N6MhUlurBOamI1rK9u2U,,pop,tracks/06N6MhUlurBOamI1rK9u2U.mp3
674,Ladyhawke,My Delirium,2,1,4,2,2,5,5,2,2,3vqSWOEMO4OOxa2QJHuitI,,pop,tracks/3vqSWOEMO4OOxa2QJHuitI.mp3
675,Alana Davis,32 Flavors,2,2,2,3,3,2,2,1,2,3o5dmw1M6ugfLpva7yTyDr,,rock,tracks/3o5dmw1M6ugfLpva7yTyDr.mp3
676,Frank Sinatra,Fly Me to the Moon,4,2,4,5,3,5,3,1,1,5b7OgznPJJr1vHNYGyvxau,,jazz,tracks/5b7OgznPJJr1vHNYGyvxau.mp3
677,Mayday Parade,Even Robots Need Blankets,3,3,5,5,3,4,3,1,2,1NivdSEUqwvnC6MzO8VZiG,,rock,tracks/1NivdSEUqwvnC6MzO8VZiG.mp3
678,Breathe Carolina,Edge of Heaven,2,2,2,1,1,3,4,4,1,4ZAqYMCngGjxr4sFGlowiy,,electronic,tracks/4ZAqYMCngGjxr4sFGlowiy.mp3
679,Stevie Nicks,Ghosts,1,1,2,1,1,2,3,5,1,6Cy4g8vU4WZJFYgwsAcG6K,,rock,tracks/6Cy4g8vU4WZJFYgwsAcG6K.mp3
680,Eva Cassidy,True Colors,3,2,5,4,5,3,2,1,2,7iYvpjSQ9OuXTAMGSRiLJZ,,jazz,tracks/7iYvpjSQ9OuXTAMGSRiLJZ.mp3
681,Michael Bublï¿½,Come Fly With Me,4,3,5,5,5,5,2,1,2,2Cakl6tRkLxccrnqJdvGpu,,jazz,tracks/2Cakl6tRkLxccrnqJdvGpu.mp3
682,Missy Higgins,Scar,2,1,2,3,3,4,2,1,1,1GUZZ8Z04qoRLtcCYkYxIM,,pop,tracks/1GUZZ8Z04qoRLtcCYkYxIM.mp3
683,Sting,Fields of Gold,5,2,5,5,5,4,2,1,3,0I1DJdLt9BKOb7GWmWxCjo,,rock,tracks/0I1DJdLt9BKOb7GWmWxCjo.mp3
684,Avril Lavigne,Girlfriend,2,2,5,3,2,5,5,3,1,45hOioMDJktr86iKDHC8gr,,pop,tracks/45hOioMDJktr86iKDHC8gr.mp3
685,Boys Like Girls,Thunder,4,2,5,4,4,3,3,1,3,1MrNveiYvWyKNAMiqn8xS8,,rock,tracks/1MrNveiYvWyKNAMiqn8xS8.mp3
686,Candlemass,The Ebony Throne,2,2,3,1,1,1,4,5,2,710qdYprxjsTDzCyW2xUWQ,,rock,tracks/710qdYprxjsTDzCyW2xUWQ.mp3
687,Nat King Cole,Orange Colored Sky,5,2,5,5,3,5,5,2,1,6fUDNcmsnnUVyOtEnA9xdC,,jazz,tracks/6fUDNcmsnnUVyOtEnA9xdC.mp3
688,Ella Fitzgerald,Dream A Little Dream Of Me,5,4,5,5,5,3,2,1,3,78MI7mu1LV1k4IA2HzKmHe,,jazz,tracks/78MI7mu1LV1k4IA2HzKmHe.mp3
689,"Earth, Wind & Fire",Mighty Mighty,2,1,2,1,1,4,3,3,1,3HFGDi2zGIgdXTocV5k2cs,,funk_soul,tracks/3HFGDi2zGIgdXTocV5k2cs.mp3
690,Selena Gomez,Love You Like a Love Song,4,3,5,5,2,5,4,2,1,0laYHRpNTS6i8FXdupHkJ4,,pop,tracks/0laYHRpNTS6i8FXdupHkJ4.mp3
691,Phoenix,1901,2,2,4,1,1,5,4,2,1,3FM33HqRlV7J1QJoPOnd2u,,pop,tracks/3FM33HqRlV7J1QJoPOnd2u.mp3
692,C.C. Catch,Strangers By Night,4,3,5,4,2,5,4,2,3,2fkWRtyjRGehSPjfWPxSjC,,pop,tracks/2fkWRtyjRGehSPjfWPxSjC.mp3
693,Chico Buarque,Tatuagem,2,1,2,3,5,1,1,1,2,2eNz0RVTnVhleCBrZETeDG,,jazz,tracks/2eNz0RVTnVhleCBrZETeDG.mp3
694,Edu Lobo,Candeias,4,3,4,5,5,2,2,1,3,50dHwlPsvC4Gp16DifoPOl,,jazz,tracks/50dHwlPsvC4Gp16DifoPOl.mp3
695,Annie,Hold On,3,2,2,2,5,4,3,2,3,3yvL51i2yIXfPAQiquQKbK,,pop,tracks/3yvL51i2yIXfPAQiquQKbK.mp3
696,Jamie Cullum,Mind Trick,4,3,5,4,5,5,4,1,1,1rLs5c68LOspqWKcCMdXKO,,jazz,tracks/1rLs5c68LOspqWKcCMdXKO.mp3
697,Frenzal Rhomb,Never Had So Much Fun,2,2,4,1,2,5,5,2,1,6M8EOu8P6cWMrJDPupNip1,,rock,tracks/6M8EOu8P6cWMrJDPupNip1.mp3
698,Sia,Don't Bring Me Down,3,3,3,3,3,2,2,2,5,4XSBnZBRdrIQzbIvmysvuC,,electronic,tracks/4XSBnZBRdrIQzbIvmysvuC.mp3
699,Suzanne Vega,In Liverpool,3,3,4,3,3,3,3,2,3,6HHspSEn21kZStPP4BN1xB,,rock,tracks/6HHspSEn21kZStPP4BN1xB.mp3
700,Anathema,Don't Look Too Far,2,3,3,3,4,2,3,1,4,1FBakgw7zFrcV2eT6w3FZD,,rock,tracks/1FBakgw7zFrcV2eT6w3FZD.mp3
701,Avril Lavigne,SpongeBob SquarePants Theme,1,1,4,1,2,5,4,3,1,0il663f3f63cvsRJtGmdO2,,rock,tracks/0il663f3f63cvsRJtGmdO2.mp3
702,Halsey,Now or Never,2,2,2,3,3,3,3,2,2,7i2DJ88J7jQ8K7zqFX2fW8,,electronic,tracks/7i2DJ88J7jQ8K7zqFX2fW8.mp3
703,Lykke Li,I Follow Rivers,3,3,2,4,5,5,4,2,2,4Jv7lweGIUOFQ7Oq2AtAh9,,pop,tracks/4Jv7lweGIUOFQ7Oq2AtAh9.mp3
704,Frank Sinatra,Like Someone in Love,5,4,5,5,5,4,3,1,4,0CaqEVnLB5plVzrlrMjfKT,,jazz,tracks/0CaqEVnLB5plVzrlrMjfKT.mp3
705,Tove Lo,Not On Drugs (Ali Payami Remix),5,2,4,3,2,4,5,2,2,3LIwnakr43o8zMLnsHVye9,,funk_soul,tracks/3LIwnakr43o8zMLnsHVye9.mp3
706,Yonderboi,Before you snap,3,2,2,1,2,1,4,5,2,1a9F0TEZ5fO4yWj0g9wojX,,electronic,tracks/1a9F0TEZ5fO4yWj0g9wojX.mp3
707,Nara Leï¿½o,Acender As Velas,3,3,4,4,4,3,1,1,2,51WPyWMsRCsQL1rLd0D6EO,,jazz,tracks/51WPyWMsRCsQL1rLd0D6EO.mp3
708,Crystal Castles,Pap Smear,3,3,1,1,2,2,3,4,1,2RuNFmIS9tzrEMRBeVFt5c,,electronic,tracks/2RuNFmIS9tzrEMRBeVFt5c.mp3
709,Delerium,Silence (feat. Sarah McLachlan),3,3,2,1,1,3,3,3,2,3oVnbdWg48ZrmsUAQQUKbU,,electronic,tracks/3oVnbdWg48ZrmsUAQQUKbU.mp3
710,Count Basie,Shiny Stockings,2,2,5,3,5,4,1,1,1,5JZoHrIGklz4iUlUNjMBcs,,jazz,tracks/5JZoHrIGklz4iUlUNjMBcs.mp3
711,Chico Buarque,Construï¿½ï¿½o,2,2,2,1,2,2,2,4,2,3FIuBxOxuQ6kYy8JO0gq2a,,jazz,tracks/3FIuBxOxuQ6kYy8JO0gq2a.mp3
712,Stan Getz,Sï¿½ Danï¿½o Samba,4,2,4,2,4,5,3,2,1,5je0CDv1Z1hT82Nek1Fjhl,,jazz,tracks/5je0CDv1Z1hT82Nek1Fjhl.mp3
713,Cathedral,Hopkins (The Witchfinder General),2,2,2,1,2,4,5,3,1,2BiEmhDluMGJyfG0Dd061S,,rock,tracks/2BiEmhDluMGJyfG0Dd061S.mp3
714,Lighthouse Family,Ain't No Sunshine,5,4,5,5,5,4,2,2,5,435rQGMojc5C6xJbtjeynu,,funk_soul,tracks/435rQGMojc5C6xJbtjeynu.mp3
715,Demi Lovato,Without the Love,2,1,3,2,1,4,5,3,3,4YD5RuRjByJ6Sz0srp5Aii,,pop,tracks/4YD5RuRjByJ6Sz0srp5Aii.mp3
716,Amy Winehouse,Know You Now,2,2,4,2,2,3,3,2,4,0UVTzpqtuQpuZCd7ZeZeTj,,jazz,tracks/0UVTzpqtuQpuZCd7ZeZeTj.mp3
717,The Jacksons,Blame It on the Boogie,5,4,5,3,2,5,5,1,1,3qI94hINNNeb4S7xQi18lS,,funk_soul,tracks/3qI94hINNNeb4S7xQi18lS.mp3
718,Bjï¿½rk,Enjoy,4,3,3,2,1,2,5,5,2,6JQVN9gi04NCK1tiz0aQA1,,electronic,tracks/6JQVN9gi04NCK1tiz0aQA1.mp3
719,Beck,Tropicalia,3,2,4,3,2,4,2,2,1,6rx6Ew1sday1KvsnD4HNdI,,jazz,tracks/6rx6Ew1sday1KvsnD4HNdI.mp3
720,Eliane Elias,Call Me,3,2,4,5,5,2,1,1,2,5iRxI8g8AxrQe6EpKYMtdN,,jazz,tracks/5iRxI8g8AxrQe6EpKYMtdN.mp3
721,Tok Tok Tok,Walk on the Wild Side,5,4,5,4,5,5,4,2,1,78G0LEqrs8HmEwhb75nYXQ,,jazz,tracks/78G0LEqrs8HmEwhb75nYXQ.mp3
722,Who Is Fancy,GOODBYE,4,2,2,4,3,3,2,2,2,6K5xY7EabiBLjd2HuBQIak,,pop,tracks/6K5xY7EabiBLjd2HuBQIak.mp3
723,Goldfrapp,Some People,4,2,4,4,4,2,2,3,4,0bB1VbAl9MctrLUOKf9WaS,,electronic,tracks/0bB1VbAl9MctrLUOKf9WaS.mp3
724,Florence + the Machine,Dog Days Are Over,4,4,5,4,4,5,5,3,5,1YLJVmuzeM2YSUkCCaTNUB,,pop,tracks/1YLJVmuzeM2YSUkCCaTNUB.mp3
725,John Mayer,Heartbreak Warfare,5,3,5,5,5,4,4,1,4,4gs07VlJST4bdxGbBsXVue,,rock,tracks/4gs07VlJST4bdxGbBsXVue.mp3
726,Gnarls Barkley,St. Elsewhere,4,4,2,1,3,3,5,4,3,2N5zMZX7YeL1tico8oQxa9,,funk_soul,tracks/2N5zMZX7YeL1tico8oQxa9.mp3
727,Belinda,Bailarï¿½a Sobre el Fuego,3,2,2,3,2,4,2,2,1,6OdBw3nV7nmGC5lSxf67p2,,electronic,tracks/6OdBw3nV7nmGC5lSxf67p2.mp3
728,Incognito,Still A Friend Of Mine,2,3,3,4,3,4,2,2,1,5B23BmNt1R61I7b8iuB4jg,,jazz,tracks/5B23BmNt1R61I7b8iuB4jg.mp3
729,Toto,Hold the Line,3,4,3,1,1,5,5,3,1,4aVuWgvD0X63hcOCnZtNFA,,rock,tracks/4aVuWgvD0X63hcOCnZtNFA.mp3
730,Sam Smith,I'm Not the Only One,4,3,5,5,4,4,3,2,3,7795WJLVKJoAyVoOtCWqXN,,pop,tracks/7795WJLVKJoAyVoOtCWqXN.mp3
731,Backstreet Boys,Larger Than Life,2,1,5,1,2,5,5,1,1,6sbXGUn9V9ZaLwLdOfpKRE,,pop,tracks/6sbXGUn9V9ZaLwLdOfpKRE.mp3
732,Katatonia,Deliberation,2,2,2,1,1,2,4,5,2,3z7jm3G3rdp05oTzYWkHNi,,rock,tracks/3z7jm3G3rdp05oTzYWkHNi.mp3
733,Basia,Drunk on Love,2,1,3,2,2,4,3,2,1,2oFMQdhYZUVd63DKRgJNVV,,jazz,tracks/2oFMQdhYZUVd63DKRgJNVV.mp3
734,Summer Heart,I Wanna Go,4,5,5,3,4,5,3,1,2,3EA4HwrlLdDJ3b4cX7JfqC,,pop,tracks/3EA4HwrlLdDJ3b4cX7JfqC.mp3
735,Chaka Khan,Tearin' It Up,4,3,4,2,2,5,5,2,1,7Hag038sye6QGKPZoJpXwU,,funk_soul,tracks/7Hag038sye6QGKPZoJpXwU.mp3
736,Mc Wm,Fuleragem,1,2,1,1,1,4,4,5,1,6tuzPD1zPPvwMbGiD0TBay,,funk_soul,tracks/6tuzPD1zPPvwMbGiD0TBay.mp3
737,Astrud Gilberto,Agua De Beber,1,1,4,3,5,3,1,1,2,3QKJELWORZZ7rUZDWeMWSA,,jazz,tracks/3QKJELWORZZ7rUZDWeMWSA.mp3
738,Roberta Sï¿½,Fogo E Gasolina,2,1,2,1,2,5,3,1,1,3z29d3vubYNEBeuuo2e8vE,,jazz,tracks/3z29d3vubYNEBeuuo2e8vE.mp3
739,Erykah Badu,Didn't Cha Know,2,2,4,4,5,3,1,1,2,7pv80uUHfocFqfTytu1MVi,,funk_soul,tracks/7pv80uUHfocFqfTytu1MVi.mp3
740,The Fall of Every Season,From Below,1,2,1,1,1,2,4,5,1,6Cf2i3EYgQcglOmPcR3BDo,,rock,tracks/6Cf2i3EYgQcglOmPcR3BDo.mp3
741,Nat King Cole,Aquellos Ojos Verdes,2,2,4,5,5,2,1,1,1,35uu4l4jYnCLMh88URXqoX,,jazz,tracks/35uu4l4jYnCLMh88URXqoX.mp3
742,The Cinematic Orchestra,Time and Space,3,3,2,3,5,1,1,3,5,6qqNMdHr1hcyF4amMDP5Sf,,electronic,tracks/6qqNMdHr1hcyF4amMDP5Sf.mp3
743,Shape of Despair,Descending Inner Night,3,4,2,1,3,2,5,5,3,6MlYQ2wTknOenhhYhofmdy,,rock,tracks/6MlYQ2wTknOenhhYhofmdy.mp3
744,Lorde,Royals,3,3,5,4,4,5,5,2,2,2dLLR6qlu5UJ5gk0dKz0h3,,pop,tracks/2dLLR6qlu5UJ5gk0dKz0h3.mp3
745,Knife Party,Bonfire,3,4,2,1,1,5,5,3,1,0QIYINh2AwmOmdu8CRYvlw,,electronic,tracks/0QIYINh2AwmOmdu8CRYvlw.mp3
746,Jamie Woon,Shoulda,2,2,3,5,5,2,1,2,3,6I39hUKfIBsPBLX42jE3Dk,,electronic,tracks/6I39hUKfIBsPBLX42jE3Dk.mp3
747,Chromeo,Bad Decision,2,1,2,1,2,5,5,3,1,0PIQF15Jp7HwouZPLqPj8b,,funk_soul,tracks/0PIQF15Jp7HwouZPLqPj8b.mp3
748,Chaka Khan,La Flamme,1,1,3,2,1,4,4,3,1,2eov5RDWfwpixHgts4okh9,,funk_soul,tracks/2eov5RDWfwpixHgts4okh9.mp3
749,Grace Jones,Scary But Fun,1,1,2,1,2,2,3,3,3,6ulf6TKwgoeKjNM7GPHmII,,funk_soul,tracks/6ulf6TKwgoeKjNM7GPHmII.mp3
750,Diana Krall,The Look Of Love,4,2,5,5,5,2,1,1,2,3CDHydgW0ssTh59f0jy1y3,,jazz,tracks/3CDHydgW0ssTh59f0jy1y3.mp3
751,Taylor Dayne,You Meant The World To Me,3,1,4,3,3,5,4,1,1,4GGKiv7YVIvwvGbbdcsmB1,,funk_soul,tracks/4GGKiv7YVIvwvGbbdcsmB1.mp3
752,Simon Curtis,D.T.M.,2,2,2,1,1,3,5,5,1,6SmXooAqsXFWej4L1xlpsV,,electronic,tracks/6SmXooAqsXFWej4L1xlpsV.mp3
753,Savage Garden,Hold Me,2,1,4,3,2,3,3,1,1,5z7UgjxvvKBTf3qZMDvddZ,,pop,tracks/5z7UgjxvvKBTf3qZMDvddZ.mp3
754,Tï¿½lï¿½popmusik,Don't Look Back,3,3,3,3,4,2,1,2,2,6T1DyqY15fNj7F5FK4r5VR,,electronic,tracks/6T1DyqY15fNj7F5FK4r5VR.mp3
755,Prince,Kiss,3,3,5,3,2,5,4,2,1,62LJFaYihsdVrrkgUOJC05,,funk_soul,tracks/62LJFaYihsdVrrkgUOJC05.mp3
756,Blur,Girls & Boys,2,1,4,1,1,4,2,2,1,5CeL9C3bsoe4yzYS1Qz8cw,,pop,tracks/5CeL9C3bsoe4yzYS1Qz8cw.mp3
757,Michael Kiwanuka,Rest,4,4,5,5,5,3,2,1,3,46ueNei78zAk47R2OOLInn,,funk_soul,tracks/46ueNei78zAk47R2OOLInn.mp3
758,Ella Fitzgerald & Louis Armstrong,Cheek to Cheek,4,2,5,5,5,4,2,2,1,33jt3kYWjQzqn3xyYQ5ZEh,,jazz,tracks/33jt3kYWjQzqn3xyYQ5ZEh.mp3
759,Usher,DJ Got Us Fallin' In Love,4,5,5,3,2,5,5,2,1,4356Typ82hUiFAynbLYbPn,,pop,tracks/4356Typ82hUiFAynbLYbPn.mp3
760,Renee Olstead,A Love That Will Last,4,3,5,5,5,3,1,1,2,4bJbSERtCqK9D6DRUPMmMh,,jazz,tracks/4bJbSERtCqK9D6DRUPMmMh.mp3
761,Elis Regina,Canto De Ossanha,2,1,3,2,3,3,2,2,1,7hli27iuIkMtJJMcLYou25,,jazz,tracks/7hli27iuIkMtJJMcLYou25.mp3
762,Aretha Franklin,I Never Loved a Man (the Way I Love You),3,2,5,4,4,4,4,3,4,7s25THrKz86DM225dOYwnr,,funk_soul,tracks/7s25THrKz86DM225dOYwnr.mp3
763,Alpine,Gasoline,3,2,3,3,4,4,3,1,1,1KHOOsJUHBy82PCZVV8Lmd,,pop,tracks/1KHOOsJUHBy82PCZVV8Lmd.mp3
764,Kylie Minogue,Love at First Sight,2,2,2,2,1,5,5,2,1,6ua8mbyHXTHpAmGyGpFAS2,,pop,tracks/6ua8mbyHXTHpAmGyGpFAS2.mp3
